<?xml version='1.0' encoding='UTF-8' standalone='no'?>
<doxygen xmlns:xsi="http://www.w3.org/2001/XMLSchema-instance" xsi:noNamespaceSchemaLocation="compound.xsd" version="1.9.8" xml:lang="en-US">
  <compounddef id="_dados_8_assembly_info_8cs" kind="file" language="C#">
    <compoundname>Dados.AssemblyInfo.cs</compoundname>
    <briefdescription>
    </briefdescription>
    <detaileddescription>
    </detaileddescription>
    <programlisting>
<codeline lineno="1"><highlight class="comment">//------------------------------------------------------------------------------</highlight><highlight class="normal"></highlight></codeline>
<codeline lineno="2"><highlight class="normal"></highlight><highlight class="comment">//<sp/>&lt;auto-generated&gt;</highlight><highlight class="normal"></highlight></codeline>
<codeline lineno="3"><highlight class="normal"></highlight><highlight class="comment">//<sp/><sp/><sp/><sp/><sp/>Este<sp/>código<sp/>foi<sp/>gerado<sp/>por<sp/>uma<sp/>ferramenta.</highlight><highlight class="normal"></highlight></codeline>
<codeline lineno="4"><highlight class="normal"></highlight><highlight class="comment">//<sp/><sp/><sp/><sp/><sp/>Versão<sp/>de<sp/>Tempo<sp/>de<sp/>Execução:4.0.30319.42000</highlight><highlight class="normal"></highlight></codeline>
<codeline lineno="5"><highlight class="normal"></highlight><highlight class="comment">//</highlight><highlight class="normal"></highlight></codeline>
<codeline lineno="6"><highlight class="normal"></highlight><highlight class="comment">//<sp/><sp/><sp/><sp/><sp/>As<sp/>alterações<sp/>a<sp/>este<sp/>ficheiro<sp/>poderão<sp/>provocar<sp/>um<sp/>comportamento<sp/>incorrecto<sp/>e<sp/>perder-se-ão<sp/>se</highlight><highlight class="normal"></highlight></codeline>
<codeline lineno="7"><highlight class="normal"></highlight><highlight class="comment">//<sp/><sp/><sp/><sp/><sp/>o<sp/>código<sp/>for<sp/>regenerado.</highlight><highlight class="normal"></highlight></codeline>
<codeline lineno="8"><highlight class="normal"></highlight><highlight class="comment">//<sp/>&lt;/auto-generated&gt;</highlight><highlight class="normal"></highlight></codeline>
<codeline lineno="9"><highlight class="normal"></highlight><highlight class="comment">//------------------------------------------------------------------------------</highlight><highlight class="normal"></highlight></codeline>
<codeline lineno="10"><highlight class="normal"></highlight></codeline>
<codeline lineno="11"><highlight class="normal"></highlight><highlight class="keyword">using<sp/></highlight><highlight class="normal"><ref refid="_excecoes_8cs_1a81a223a02c34d82b47199f08308847f2" kindref="member">System</ref>;</highlight></codeline>
<codeline lineno="12"><highlight class="normal"></highlight><highlight class="keyword">using<sp/></highlight><highlight class="normal">System.Reflection;</highlight></codeline>
<codeline lineno="13"><highlight class="normal"></highlight></codeline>
<codeline lineno="14"><highlight class="normal">[assembly:<sp/><ref refid="_excecoes_8cs_1a81a223a02c34d82b47199f08308847f2" kindref="member">System</ref>.Reflection.AssemblyCompanyAttribute(</highlight><highlight class="stringliteral">&quot;Dados&quot;</highlight><highlight class="normal">)]</highlight></codeline>
<codeline lineno="15"><highlight class="normal">[assembly:<sp/><ref refid="_excecoes_8cs_1a81a223a02c34d82b47199f08308847f2" kindref="member">System</ref>.Reflection.AssemblyConfigurationAttribute(</highlight><highlight class="stringliteral">&quot;Debug&quot;</highlight><highlight class="normal">)]</highlight></codeline>
<codeline lineno="16"><highlight class="normal">[assembly:<sp/><ref refid="_excecoes_8cs_1a81a223a02c34d82b47199f08308847f2" kindref="member">System</ref>.Reflection.AssemblyFileVersionAttribute(</highlight><highlight class="stringliteral">&quot;1.0.0.0&quot;</highlight><highlight class="normal">)]</highlight></codeline>
<codeline lineno="17"><highlight class="normal">[assembly:<sp/><ref refid="_excecoes_8cs_1a81a223a02c34d82b47199f08308847f2" kindref="member">System</ref>.Reflection.AssemblyInformationalVersionAttribute(</highlight><highlight class="stringliteral">&quot;1.0.0+16e0668423fa863a4950cc1550997573c27543f4&quot;</highlight><highlight class="normal">)]</highlight></codeline>
<codeline lineno="18"><highlight class="normal">[assembly:<sp/><ref refid="_excecoes_8cs_1a81a223a02c34d82b47199f08308847f2" kindref="member">System</ref>.Reflection.AssemblyProductAttribute(</highlight><highlight class="stringliteral">&quot;Dados&quot;</highlight><highlight class="normal">)]</highlight></codeline>
<codeline lineno="19"><highlight class="normal">[assembly:<sp/><ref refid="_excecoes_8cs_1a81a223a02c34d82b47199f08308847f2" kindref="member">System</ref>.Reflection.AssemblyTitleAttribute(</highlight><highlight class="stringliteral">&quot;Dados&quot;</highlight><highlight class="normal">)]</highlight></codeline>
<codeline lineno="20"><highlight class="normal">[assembly:<sp/><ref refid="_excecoes_8cs_1a81a223a02c34d82b47199f08308847f2" kindref="member">System</ref>.Reflection.AssemblyVersionAttribute(</highlight><highlight class="stringliteral">&quot;1.0.0.0&quot;</highlight><highlight class="normal">)]</highlight></codeline>
<codeline lineno="21"><highlight class="normal"></highlight></codeline>
<codeline lineno="22"><highlight class="normal"></highlight><highlight class="comment">//<sp/>Gerado<sp/>pela<sp/>classe<sp/>WriteCodeFragment<sp/>do<sp/>MSBuild.</highlight><highlight class="normal"></highlight></codeline>
<codeline lineno="23"><highlight class="normal"></highlight></codeline>
    </programlisting>
    <location file="C:/Users/plmrj/Desktop/POO_T1_Código/TP_GCondominios/Dados/obj/Debug/net8.0/Dados.AssemblyInfo.cs"/>
  </compounddef>
</doxygen>
