<?xml version='1.0' encoding='UTF-8' standalone='no'?>
<doxygen xmlns:xsi="http://www.w3.org/2001/XMLSchema-instance" xsi:noNamespaceSchemaLocation="compound.xsd" version="1.9.8" xml:lang="en-US">
  <compounddef id="_excecoes_2_properties_2_assembly_info_8cs" kind="file" language="C#">
    <compoundname>AssemblyInfo.cs</compoundname>
    <innernamespace refid="namespace_system_1_1_runtime_1_1_compiler_services">System::Runtime::CompilerServices</innernamespace>
    <innernamespace refid="namespace_system_1_1_runtime_1_1_interop_services">System::Runtime::InteropServices</innernamespace>
    <briefdescription>
    </briefdescription>
    <detaileddescription>
    </detaileddescription>
    <programlisting>
<codeline lineno="1"><highlight class="keyword">using<sp/></highlight><highlight class="normal">System.Reflection;</highlight></codeline>
<codeline lineno="2"><highlight class="normal"></highlight><highlight class="keyword">using<sp/></highlight><highlight class="normal">System.Runtime.CompilerServices;</highlight></codeline>
<codeline lineno="3"><highlight class="normal"></highlight><highlight class="keyword">using<sp/></highlight><highlight class="normal">System.Runtime.InteropServices;</highlight></codeline>
<codeline lineno="4"><highlight class="normal"></highlight></codeline>
<codeline lineno="5"><highlight class="normal"></highlight><highlight class="comment">//<sp/>As<sp/>informações<sp/>gerais<sp/>sobre<sp/>um<sp/>assembly<sp/>são<sp/>controladas<sp/>por</highlight><highlight class="normal"></highlight></codeline>
<codeline lineno="6"><highlight class="normal"></highlight><highlight class="comment">//<sp/>conjunto<sp/>de<sp/>atributos.<sp/>Altere<sp/>estes<sp/>valores<sp/>de<sp/>atributo<sp/>para<sp/>modificar<sp/>as<sp/>informações</highlight><highlight class="normal"></highlight></codeline>
<codeline lineno="7"><highlight class="normal"></highlight><highlight class="comment">//<sp/>associada<sp/>a<sp/>um<sp/>assembly.</highlight><highlight class="normal"></highlight></codeline>
<codeline lineno="8"><highlight class="normal">[assembly:<sp/>AssemblyTitle(</highlight><highlight class="stringliteral">&quot;Excecoes&quot;</highlight><highlight class="normal">)]</highlight></codeline>
<codeline lineno="9"><highlight class="normal">[assembly:<sp/>AssemblyDescription(</highlight><highlight class="stringliteral">&quot;&quot;</highlight><highlight class="normal">)]</highlight></codeline>
<codeline lineno="10"><highlight class="normal">[assembly:<sp/>AssemblyConfiguration(</highlight><highlight class="stringliteral">&quot;&quot;</highlight><highlight class="normal">)]</highlight></codeline>
<codeline lineno="11"><highlight class="normal">[assembly:<sp/>AssemblyCompany(</highlight><highlight class="stringliteral">&quot;&quot;</highlight><highlight class="normal">)]</highlight></codeline>
<codeline lineno="12"><highlight class="normal">[assembly:<sp/>AssemblyProduct(</highlight><highlight class="stringliteral">&quot;Excecoes&quot;</highlight><highlight class="normal">)]</highlight></codeline>
<codeline lineno="13"><highlight class="normal">[assembly:<sp/>AssemblyCopyright(</highlight><highlight class="stringliteral">&quot;Copyright<sp/>©<sp/><sp/>2023&quot;</highlight><highlight class="normal">)]</highlight></codeline>
<codeline lineno="14"><highlight class="normal">[assembly:<sp/>AssemblyTrademark(</highlight><highlight class="stringliteral">&quot;&quot;</highlight><highlight class="normal">)]</highlight></codeline>
<codeline lineno="15"><highlight class="normal">[assembly:<sp/>AssemblyCulture(</highlight><highlight class="stringliteral">&quot;&quot;</highlight><highlight class="normal">)]</highlight></codeline>
<codeline lineno="16"><highlight class="normal"></highlight></codeline>
<codeline lineno="17"><highlight class="normal"></highlight><highlight class="comment">//<sp/>Definir<sp/>ComVisible<sp/>como<sp/>false<sp/>torna<sp/>os<sp/>tipos<sp/>neste<sp/>assembly<sp/>invisíveis</highlight><highlight class="normal"></highlight></codeline>
<codeline lineno="18"><highlight class="normal"></highlight><highlight class="comment">//<sp/>para<sp/>componentes<sp/>COM.<sp/>Caso<sp/>precise<sp/>acessar<sp/>um<sp/>tipo<sp/>neste<sp/>assembly<sp/>de</highlight><highlight class="normal"></highlight></codeline>
<codeline lineno="19"><highlight class="normal"></highlight><highlight class="comment">//<sp/>COM,<sp/>defina<sp/>o<sp/>atributo<sp/>ComVisible<sp/>como<sp/>true<sp/>nesse<sp/>tipo.</highlight><highlight class="normal"></highlight></codeline>
<codeline lineno="20"><highlight class="normal">[assembly:<sp/>ComVisible(</highlight><highlight class="keyword">false</highlight><highlight class="normal">)]</highlight></codeline>
<codeline lineno="21"><highlight class="normal"></highlight></codeline>
<codeline lineno="22"><highlight class="normal"></highlight><highlight class="comment">//<sp/>O<sp/>GUID<sp/>a<sp/>seguir<sp/>será<sp/>destinado<sp/>à<sp/>ID<sp/>de<sp/>typelib<sp/>se<sp/>este<sp/>projeto<sp/>for<sp/>exposto<sp/>para<sp/>COM</highlight><highlight class="normal"></highlight></codeline>
<codeline lineno="23"><highlight class="normal">[assembly:<sp/>Guid(</highlight><highlight class="stringliteral">&quot;5cd273fe-fce3-473a-bdf6-07a1db98e275&quot;</highlight><highlight class="normal">)]</highlight></codeline>
<codeline lineno="24"><highlight class="normal"></highlight></codeline>
<codeline lineno="25"><highlight class="normal"></highlight><highlight class="comment">//<sp/>As<sp/>informações<sp/>da<sp/>versão<sp/>de<sp/>um<sp/>assembly<sp/>consistem<sp/>nos<sp/>quatro<sp/>valores<sp/>a<sp/>seguir:</highlight><highlight class="normal"></highlight></codeline>
<codeline lineno="26"><highlight class="normal"></highlight><highlight class="comment">//</highlight><highlight class="normal"></highlight></codeline>
<codeline lineno="27"><highlight class="normal"></highlight><highlight class="comment">//<sp/><sp/><sp/><sp/><sp/><sp/>Versão<sp/>Principal</highlight><highlight class="normal"></highlight></codeline>
<codeline lineno="28"><highlight class="normal"></highlight><highlight class="comment">//<sp/><sp/><sp/><sp/><sp/><sp/>Versão<sp/>Secundária<sp/></highlight><highlight class="normal"></highlight></codeline>
<codeline lineno="29"><highlight class="normal"></highlight><highlight class="comment">//<sp/><sp/><sp/><sp/><sp/><sp/>Número<sp/>da<sp/>Versão</highlight><highlight class="normal"></highlight></codeline>
<codeline lineno="30"><highlight class="normal"></highlight><highlight class="comment">//<sp/><sp/><sp/><sp/><sp/><sp/>Revisão</highlight><highlight class="normal"></highlight></codeline>
<codeline lineno="31"><highlight class="normal"></highlight><highlight class="comment">//</highlight><highlight class="normal"></highlight></codeline>
<codeline lineno="32"><highlight class="normal"></highlight><highlight class="comment">//<sp/>É<sp/>possível<sp/>especificar<sp/>todos<sp/>os<sp/>valores<sp/>ou<sp/>usar<sp/>como<sp/>padrão<sp/>os<sp/>Números<sp/>de<sp/>Build<sp/>e<sp/>da<sp/>Revisão</highlight><highlight class="normal"></highlight></codeline>
<codeline lineno="33"><highlight class="normal"></highlight><highlight class="comment">//<sp/>usando<sp/>o<sp/>&quot;*&quot;<sp/>como<sp/>mostrado<sp/>abaixo:</highlight><highlight class="normal"></highlight></codeline>
<codeline lineno="34"><highlight class="normal"></highlight><highlight class="comment">//<sp/>[assembly:<sp/>AssemblyVersion(&quot;1.0.*&quot;)]</highlight><highlight class="normal"></highlight></codeline>
<codeline lineno="35"><highlight class="normal">[assembly:<sp/>AssemblyVersion(</highlight><highlight class="stringliteral">&quot;1.0.0.0&quot;</highlight><highlight class="normal">)]</highlight></codeline>
<codeline lineno="36"><highlight class="normal">[assembly:<sp/>AssemblyFileVersion(</highlight><highlight class="stringliteral">&quot;1.0.0.0&quot;</highlight><highlight class="normal">)]</highlight></codeline>
    </programlisting>
    <location file="C:/Users/plmrj/Desktop/POO_T1_Código/TP_GCondominios/Excecoes/Properties/AssemblyInfo.cs"/>
  </compounddef>
</doxygen>
