<?xml version='1.0' encoding='UTF-8' standalone='no'?>
<doxygen xmlns:xsi="http://www.w3.org/2001/XMLSchema-instance" xsi:noNamespaceSchemaLocation="compound.xsd" version="1.9.8" xml:lang="en-US">
  <compounddef id="_interfaces_2obj_2_debug_2net8_80_2_8_n_e_t_core_app_00_version_0av8_80_8_assembly_attributes_8cs" kind="file" language="C#">
    <compoundname>.NETCoreApp,Version=v8.0.AssemblyAttributes.cs</compoundname>
    <briefdescription>
    </briefdescription>
    <detaileddescription>
    </detaileddescription>
    <programlisting>
<codeline lineno="1"><highlight class="comment">//<sp/>&lt;autogenerated<sp/>/&gt;</highlight><highlight class="normal"></highlight></codeline>
<codeline lineno="2"><highlight class="normal"></highlight><highlight class="keyword">using<sp/></highlight><highlight class="normal"><ref refid="_excecoes_8cs_1a81a223a02c34d82b47199f08308847f2" kindref="member">System</ref>;</highlight></codeline>
<codeline lineno="3"><highlight class="normal"></highlight><highlight class="keyword">using<sp/></highlight><highlight class="normal">System.Reflection;</highlight></codeline>
<codeline lineno="4"><highlight class="normal">[assembly:<sp/>global::System.Runtime.Versioning.TargetFrameworkAttribute(</highlight><highlight class="stringliteral">&quot;.NETCoreApp,Version=v8.0&quot;</highlight><highlight class="normal">,<sp/>FrameworkDisplayName<sp/>=<sp/></highlight><highlight class="stringliteral">&quot;.NET<sp/>8.0&quot;</highlight><highlight class="normal">)]</highlight></codeline>
    </programlisting>
    <location file="C:/Users/plmrj/Desktop/POO_T1_Código/TP_GCondominios/Interfaces/obj/Debug/net8.0/.NETCoreApp,Version=v8.0.AssemblyAttributes.cs"/>
  </compounddef>
</doxygen>
