<?xml version='1.0' encoding='UTF-8' standalone='no'?>
<doxygen xmlns:xsi="http://www.w3.org/2001/XMLSchema-instance" xsi:noNamespaceSchemaLocation="compound.xsd" version="1.9.8" xml:lang="en-US">
  <compounddef id="_program_8cs" kind="file" language="C#">
    <compoundname>Program.cs</compoundname>
    <innerclass refid="class_program" prot="public">Program</innerclass>
    <briefdescription>
    </briefdescription>
    <detaileddescription>
    </detaileddescription>
    <programlisting>
<codeline lineno="1"><highlight class="comment">/*</highlight></codeline>
<codeline lineno="2"><highlight class="comment"><sp/>*<sp/></highlight></codeline>
<codeline lineno="3"><highlight class="comment"><sp/>*<sp/>Classe<sp/>&quot;Program&quot;<sp/>-<sp/>Gestão<sp/>de<sp/>Condomínios</highlight></codeline>
<codeline lineno="4"><highlight class="comment"><sp/>*<sp/>Fábio<sp/>Fernandes<sp/>-<sp/>a22996@alunos.ipca.pt</highlight></codeline>
<codeline lineno="5"><highlight class="comment"><sp/>*<sp/>Pedro<sp/>Rocha<sp/>-<sp/>a23009@alunos.ipca.pt</highlight></codeline>
<codeline lineno="6"><highlight class="comment"><sp/>*<sp/>LESI<sp/>-<sp/>POO</highlight></codeline>
<codeline lineno="7"><highlight class="comment"><sp/>*<sp/></highlight></codeline>
<codeline lineno="8"><highlight class="comment"><sp/>*/</highlight><highlight class="normal"></highlight></codeline>
<codeline lineno="9"><highlight class="normal"></highlight></codeline>
<codeline lineno="10"><highlight class="normal"></highlight><highlight class="keyword">using<sp/></highlight><highlight class="normal"><ref refid="namespace_regras_negocio" kindref="compound">RegrasNegocio</ref>;</highlight></codeline>
<codeline lineno="11"><highlight class="normal"></highlight><highlight class="keyword">using<sp/></highlight><highlight class="normal"><ref refid="namespace_objetos_negocio" kindref="compound">ObjetosNegocio</ref>;</highlight></codeline>
<codeline lineno="12"><highlight class="normal"></highlight><highlight class="keyword">using<sp/></highlight><highlight class="normal"><ref refid="namespace_excecoes" kindref="compound">Excecoes</ref>;</highlight></codeline>
<codeline lineno="13"><highlight class="normal"></highlight><highlight class="keyword">using<sp/></highlight><highlight class="normal"><ref refid="_excecoes_8cs_1a81a223a02c34d82b47199f08308847f2" kindref="member">System</ref>;</highlight></codeline>
<codeline lineno="14"><highlight class="normal"></highlight></codeline>
<codeline lineno="15" refid="class_program" refkind="compound"><highlight class="normal"></highlight><highlight class="keyword">class<sp/></highlight><highlight class="normal"><ref refid="class_program" kindref="compound">Program</ref></highlight></codeline>
<codeline lineno="16"><highlight class="normal">{</highlight></codeline>
<codeline lineno="17"><highlight class="normal"><sp/><sp/><sp/><sp/></highlight><highlight class="keyword">static</highlight><highlight class="normal"><sp/></highlight><highlight class="keywordtype">void</highlight><highlight class="normal"><sp/>Main()</highlight></codeline>
<codeline lineno="18"><highlight class="normal"><sp/><sp/><sp/><sp/>{</highlight></codeline>
<codeline lineno="19"><highlight class="normal"><sp/><sp/><sp/><sp/><sp/><sp/><sp/><sp/></highlight><highlight class="comment">//<sp/>Criar<sp/>condominio<sp/>usando<sp/>os<sp/>dados<sp/>fornecidos</highlight><highlight class="normal"></highlight></codeline>
<codeline lineno="20"><highlight class="normal"><sp/><sp/><sp/><sp/><sp/><sp/><sp/><sp/>var<sp/>condominio<sp/>=<sp/></highlight><highlight class="keyword">new</highlight><highlight class="normal"><sp/><ref refid="class_objetos_negocio_1_1_condominio" kindref="compound">Condominio</ref></highlight></codeline>
<codeline lineno="21"><highlight class="normal"><sp/><sp/><sp/><sp/><sp/><sp/><sp/><sp/>{</highlight></codeline>
<codeline lineno="22"><highlight class="normal"><sp/><sp/><sp/><sp/><sp/><sp/><sp/><sp/><sp/><sp/><sp/><sp/>Nome<sp/>=<sp/></highlight><highlight class="stringliteral">&quot;Condomínio<sp/>A&quot;</highlight><highlight class="normal">,</highlight></codeline>
<codeline lineno="23"><highlight class="normal"><sp/><sp/><sp/><sp/><sp/><sp/><sp/><sp/><sp/><sp/><sp/><sp/>Endereco<sp/>=<sp/></highlight><highlight class="stringliteral">&quot;Endereço<sp/>123&quot;</highlight><highlight class="normal"></highlight></codeline>
<codeline lineno="24"><highlight class="normal"><sp/><sp/><sp/><sp/><sp/><sp/><sp/><sp/>};</highlight></codeline>
<codeline lineno="25"><highlight class="normal"></highlight></codeline>
<codeline lineno="26"><highlight class="normal"><sp/><sp/><sp/><sp/><sp/><sp/><sp/><sp/></highlight><highlight class="comment">//<sp/>Criar<sp/>proprietário<sp/>usando<sp/>os<sp/>dados<sp/>fornecidos</highlight><highlight class="normal"></highlight></codeline>
<codeline lineno="27"><highlight class="normal"><sp/><sp/><sp/><sp/><sp/><sp/><sp/><sp/>var<sp/>proprietario<sp/>=<sp/></highlight><highlight class="keyword">new</highlight><highlight class="normal"><sp/><ref refid="class_objetos_negocio_1_1_proprietario" kindref="compound">Proprietario</ref></highlight></codeline>
<codeline lineno="28"><highlight class="normal"><sp/><sp/><sp/><sp/><sp/><sp/><sp/><sp/>{</highlight></codeline>
<codeline lineno="29"><highlight class="normal"><sp/><sp/><sp/><sp/><sp/><sp/><sp/><sp/><sp/><sp/><sp/><sp/>Nome<sp/>=<sp/></highlight><highlight class="stringliteral">&quot;João<sp/>Silva&quot;</highlight><highlight class="normal">,</highlight></codeline>
<codeline lineno="30"><highlight class="normal"><sp/><sp/><sp/><sp/><sp/><sp/><sp/><sp/><sp/><sp/><sp/><sp/>Contato<sp/>=<sp/></highlight><highlight class="stringliteral">&quot;987654321&quot;</highlight><highlight class="normal">,</highlight></codeline>
<codeline lineno="31"><highlight class="normal"><sp/><sp/><sp/><sp/><sp/><sp/><sp/><sp/><sp/><sp/><sp/><sp/><ref refid="class_objetos_negocio_1_1_imovel" kindref="compound">Imovel</ref><sp/>=<sp/></highlight><highlight class="stringliteral">&quot;Apartamento<sp/>101&quot;</highlight><highlight class="normal">,</highlight></codeline>
<codeline lineno="32"><highlight class="normal"><sp/><sp/><sp/><sp/><sp/><sp/><sp/><sp/><sp/><sp/><sp/><sp/>Nif<sp/>=<sp/></highlight><highlight class="stringliteral">&quot;123456789&quot;</highlight><highlight class="normal"></highlight></codeline>
<codeline lineno="33"><highlight class="normal"><sp/><sp/><sp/><sp/><sp/><sp/><sp/><sp/>};</highlight></codeline>
<codeline lineno="34"><highlight class="normal"></highlight></codeline>
<codeline lineno="35"><highlight class="normal"><sp/><sp/><sp/><sp/><sp/><sp/><sp/><sp/></highlight><highlight class="comment">//<sp/>Criar<sp/>imóvel<sp/>usando<sp/>os<sp/>dados<sp/>fornecidos</highlight><highlight class="normal"></highlight></codeline>
<codeline lineno="36"><highlight class="normal"><sp/><sp/><sp/><sp/><sp/><sp/><sp/><sp/>var<sp/>imovel<sp/>=<sp/></highlight><highlight class="keyword">new</highlight><highlight class="normal"><sp/><ref refid="class_objetos_negocio_1_1_imovel" kindref="compound">Imovel</ref><sp/>{<sp/>Endereco<sp/>=<sp/></highlight><highlight class="stringliteral">&quot;Rua<sp/>ABC,<sp/>456&quot;</highlight><highlight class="normal"><sp/>};</highlight></codeline>
<codeline lineno="37"><highlight class="normal"></highlight></codeline>
<codeline lineno="38"><highlight class="normal"><sp/><sp/><sp/><sp/><sp/><sp/><sp/><sp/></highlight><highlight class="comment">//<sp/>Criar<sp/>despesa<sp/>usando<sp/>os<sp/>dados<sp/>fornecidos</highlight><highlight class="normal"></highlight></codeline>
<codeline lineno="39"><highlight class="normal"><sp/><sp/><sp/><sp/><sp/><sp/><sp/><sp/>var<sp/>despesa<sp/>=<sp/></highlight><highlight class="keyword">new</highlight><highlight class="normal"><sp/><ref refid="class_objetos_negocio_1_1_despesa" kindref="compound">Despesa</ref></highlight></codeline>
<codeline lineno="40"><highlight class="normal"><sp/><sp/><sp/><sp/><sp/><sp/><sp/><sp/>{</highlight></codeline>
<codeline lineno="41"><highlight class="normal"><sp/><sp/><sp/><sp/><sp/><sp/><sp/><sp/><sp/><sp/><sp/><sp/>Tipo<sp/>=<sp/></highlight><highlight class="stringliteral">&quot;Manutenção&quot;</highlight><highlight class="normal">,</highlight></codeline>
<codeline lineno="42"><highlight class="normal"><sp/><sp/><sp/><sp/><sp/><sp/><sp/><sp/><sp/><sp/><sp/><sp/>Valor<sp/>=<sp/>150.50m,</highlight></codeline>
<codeline lineno="43"><highlight class="normal"><sp/><sp/><sp/><sp/><sp/><sp/><sp/><sp/><sp/><sp/><sp/><sp/>DataVencimento<sp/>=<sp/>DateTime.Now.AddDays(30),</highlight></codeline>
<codeline lineno="44"><highlight class="normal"><sp/><sp/><sp/><sp/><sp/><sp/><sp/><sp/><sp/><sp/><sp/><sp/>EstadoPagamento<sp/>=<sp/></highlight><highlight class="keyword">false</highlight><highlight class="normal">,</highlight></codeline>
<codeline lineno="45"><highlight class="normal"><sp/><sp/><sp/><sp/><sp/><sp/><sp/><sp/><sp/><sp/><sp/><sp/><ref refid="class_objetos_negocio_1_1_imovel" kindref="compound">Imovel</ref><sp/>=<sp/></highlight><highlight class="stringliteral">&quot;Apartamento<sp/>101&quot;</highlight><highlight class="normal"></highlight></codeline>
<codeline lineno="46"><highlight class="normal"><sp/><sp/><sp/><sp/><sp/><sp/><sp/><sp/>};</highlight></codeline>
<codeline lineno="47"><highlight class="normal"></highlight></codeline>
<codeline lineno="48"><highlight class="normal"><sp/><sp/><sp/><sp/><sp/><sp/><sp/><sp/></highlight><highlight class="comment">//<sp/>Criar<sp/>reuniao<sp/>usando<sp/>os<sp/>dados<sp/>fornecidos</highlight><highlight class="normal"></highlight></codeline>
<codeline lineno="49"><highlight class="normal"><sp/><sp/><sp/><sp/><sp/><sp/><sp/><sp/>var<sp/>reuniao<sp/>=<sp/></highlight><highlight class="keyword">new</highlight><highlight class="normal"><sp/><ref refid="class_objetos_negocio_1_1_reuniao" kindref="compound">Reuniao</ref></highlight></codeline>
<codeline lineno="50"><highlight class="normal"><sp/><sp/><sp/><sp/><sp/><sp/><sp/><sp/>{</highlight></codeline>
<codeline lineno="51"><highlight class="normal"><sp/><sp/><sp/><sp/><sp/><sp/><sp/><sp/><sp/><sp/><sp/><sp/>Data<sp/>=<sp/>DateTime.Now.AddDays(7),</highlight></codeline>
<codeline lineno="52"><highlight class="normal"><sp/><sp/><sp/><sp/><sp/><sp/><sp/><sp/><sp/><sp/><sp/><sp/>Hora<sp/>=<sp/></highlight><highlight class="keyword">new</highlight><highlight class="normal"><sp/>TimeSpan(14,<sp/>30,<sp/>0),</highlight></codeline>
<codeline lineno="53"><highlight class="normal"><sp/><sp/><sp/><sp/><sp/><sp/><sp/><sp/><sp/><sp/><sp/><sp/>Local<sp/>=<sp/></highlight><highlight class="stringliteral">&quot;Sala<sp/>de<sp/>Condomínio&quot;</highlight><highlight class="normal">,</highlight></codeline>
<codeline lineno="54"><highlight class="normal"><sp/><sp/><sp/><sp/><sp/><sp/><sp/><sp/><sp/><sp/><sp/><sp/>Intervenientes<sp/>=<sp/></highlight><highlight class="keyword">new</highlight><highlight class="normal"><sp/><ref refid="_excecoes_8cs_1a81a223a02c34d82b47199f08308847f2" kindref="member">System</ref>.Collections.Generic.List&lt;</highlight><highlight class="keywordtype">string</highlight><highlight class="normal">&gt;<sp/>{<sp/></highlight><highlight class="stringliteral">&quot;Membro1&quot;</highlight><highlight class="normal">,<sp/></highlight><highlight class="stringliteral">&quot;Membro2&quot;</highlight><highlight class="normal"><sp/>}</highlight></codeline>
<codeline lineno="55"><highlight class="normal"><sp/><sp/><sp/><sp/><sp/><sp/><sp/><sp/>};</highlight></codeline>
<codeline lineno="56"><highlight class="normal"></highlight></codeline>
<codeline lineno="57"><highlight class="normal"><sp/><sp/><sp/><sp/><sp/><sp/><sp/><sp/></highlight><highlight class="comment">//<sp/>Criar<sp/>documento<sp/>usando<sp/>os<sp/>dados<sp/>fornecidos</highlight><highlight class="normal"></highlight></codeline>
<codeline lineno="58"><highlight class="normal"><sp/><sp/><sp/><sp/><sp/><sp/><sp/><sp/>var<sp/>documento<sp/>=<sp/></highlight><highlight class="keyword">new</highlight><highlight class="normal"><sp/><ref refid="class_objetos_negocio_1_1_documento" kindref="compound">Documento</ref></highlight></codeline>
<codeline lineno="59"><highlight class="normal"><sp/><sp/><sp/><sp/><sp/><sp/><sp/><sp/>{</highlight></codeline>
<codeline lineno="60"><highlight class="normal"><sp/><sp/><sp/><sp/><sp/><sp/><sp/><sp/><sp/><sp/><sp/><sp/>Nome<sp/>=<sp/></highlight><highlight class="stringliteral">&quot;Regulamento<sp/>Interno&quot;</highlight><highlight class="normal">,</highlight></codeline>
<codeline lineno="61"><highlight class="normal"><sp/><sp/><sp/><sp/><sp/><sp/><sp/><sp/><sp/><sp/><sp/><sp/>Tipo<sp/>=<sp/></highlight><highlight class="stringliteral">&quot;PDF&quot;</highlight><highlight class="normal">,</highlight></codeline>
<codeline lineno="62"><highlight class="normal"><sp/><sp/><sp/><sp/><sp/><sp/><sp/><sp/><sp/><sp/><sp/><sp/>Conteudo<sp/>=<sp/></highlight><highlight class="stringliteral">&quot;Conteúdo<sp/>do<sp/>regulamento...&quot;</highlight><highlight class="normal"></highlight></codeline>
<codeline lineno="63"><highlight class="normal"><sp/><sp/><sp/><sp/><sp/><sp/><sp/><sp/>};</highlight></codeline>
<codeline lineno="64"><highlight class="normal"></highlight></codeline>
<codeline lineno="65"><highlight class="normal"><sp/><sp/><sp/><sp/><sp/><sp/><sp/><sp/></highlight><highlight class="keywordflow">try</highlight><highlight class="normal"></highlight></codeline>
<codeline lineno="66"><highlight class="normal"><sp/><sp/><sp/><sp/><sp/><sp/><sp/><sp/>{</highlight></codeline>
<codeline lineno="67"><highlight class="normal"><sp/><sp/><sp/><sp/><sp/><sp/><sp/><sp/><sp/><sp/><sp/><sp/></highlight><highlight class="comment">//<sp/>Validar<sp/>e<sp/>executar<sp/>as<sp/>regras<sp/>de<sp/>negócio<sp/>para<sp/>cada<sp/>objeto</highlight><highlight class="normal"></highlight></codeline>
<codeline lineno="68"><highlight class="normal"><sp/><sp/><sp/><sp/><sp/><sp/><sp/><sp/><sp/><sp/><sp/><sp/>ValidarEExecutar(()<sp/>=&gt;<sp/>CondominioRegras.ValidarCondominio(condominio));</highlight></codeline>
<codeline lineno="69"><highlight class="normal"><sp/><sp/><sp/><sp/><sp/><sp/><sp/><sp/><sp/><sp/><sp/><sp/>ValidarEExecutar(()<sp/>=&gt;<sp/>DespesaRegras.ValidarDespesa(despesa));</highlight></codeline>
<codeline lineno="70"><highlight class="normal"><sp/><sp/><sp/><sp/><sp/><sp/><sp/><sp/><sp/><sp/><sp/><sp/>ValidarEExecutar(()<sp/>=&gt;<sp/>ImovelRegras.ValidarImovel(imovel));</highlight></codeline>
<codeline lineno="71"><highlight class="normal"><sp/><sp/><sp/><sp/><sp/><sp/><sp/><sp/><sp/><sp/><sp/><sp/>ValidarEExecutar(()<sp/>=&gt;<sp/>ProprietarioRegras.ValidarProprietario(proprietario));</highlight></codeline>
<codeline lineno="72"><highlight class="normal"><sp/><sp/><sp/><sp/><sp/><sp/><sp/><sp/><sp/><sp/><sp/><sp/>ValidarEExecutar(()<sp/>=&gt;<sp/>ReuniaoRegras.ValidarReuniao(reuniao));</highlight></codeline>
<codeline lineno="73"><highlight class="normal"><sp/><sp/><sp/><sp/><sp/><sp/><sp/><sp/><sp/><sp/><sp/><sp/>ValidarEExecutar(()<sp/>=&gt;<sp/>DocumentoRegras.ValidarDocumento(documento));</highlight></codeline>
<codeline lineno="74"><highlight class="normal"><sp/><sp/><sp/><sp/><sp/><sp/><sp/><sp/>}</highlight></codeline>
<codeline lineno="75"><highlight class="normal"><sp/><sp/><sp/><sp/><sp/><sp/><sp/><sp/></highlight><highlight class="keywordflow">catch</highlight><highlight class="normal"><sp/>(Exception<sp/>ex)</highlight></codeline>
<codeline lineno="76"><highlight class="normal"><sp/><sp/><sp/><sp/><sp/><sp/><sp/><sp/>{</highlight></codeline>
<codeline lineno="77"><highlight class="normal"><sp/><sp/><sp/><sp/><sp/><sp/><sp/><sp/><sp/><sp/><sp/><sp/></highlight><highlight class="comment">//<sp/>Tratar<sp/>exceção<sp/>genérica,<sp/>se<sp/>necessário</highlight><highlight class="normal"></highlight></codeline>
<codeline lineno="78"><highlight class="normal"><sp/><sp/><sp/><sp/><sp/><sp/><sp/><sp/><sp/><sp/><sp/><sp/>Console.WriteLine($</highlight><highlight class="stringliteral">&quot;Erro:<sp/>{ex.Message}&quot;</highlight><highlight class="normal">);</highlight></codeline>
<codeline lineno="79"><highlight class="normal"><sp/><sp/><sp/><sp/><sp/><sp/><sp/><sp/>}</highlight></codeline>
<codeline lineno="80"><highlight class="normal"><sp/><sp/><sp/><sp/>}</highlight></codeline>
<codeline lineno="81"><highlight class="normal"></highlight></codeline>
<codeline lineno="86"><highlight class="normal"><sp/><sp/><sp/><sp/></highlight><highlight class="keyword">static</highlight><highlight class="normal"><sp/></highlight><highlight class="keywordtype">void</highlight><highlight class="normal"><sp/>ValidarEExecutar(Action<sp/>acao)</highlight></codeline>
<codeline lineno="87"><highlight class="normal"><sp/><sp/><sp/><sp/>{</highlight></codeline>
<codeline lineno="88"><highlight class="normal"><sp/><sp/><sp/><sp/><sp/><sp/><sp/><sp/></highlight><highlight class="keywordflow">try</highlight><highlight class="normal"></highlight></codeline>
<codeline lineno="89"><highlight class="normal"><sp/><sp/><sp/><sp/><sp/><sp/><sp/><sp/>{</highlight></codeline>
<codeline lineno="90"><highlight class="normal"><sp/><sp/><sp/><sp/><sp/><sp/><sp/><sp/><sp/><sp/><sp/><sp/>acao.Invoke();</highlight></codeline>
<codeline lineno="91"><highlight class="normal"><sp/><sp/><sp/><sp/><sp/><sp/><sp/><sp/>}</highlight></codeline>
<codeline lineno="92"><highlight class="normal"><sp/><sp/><sp/><sp/><sp/><sp/><sp/><sp/></highlight><highlight class="keywordflow">catch</highlight><highlight class="normal"><sp/>(<ref refid="class_excecoes_1_1_condominio_exception" kindref="compound">CondominioException</ref><sp/>ex)</highlight></codeline>
<codeline lineno="93"><highlight class="normal"><sp/><sp/><sp/><sp/><sp/><sp/><sp/><sp/>{</highlight></codeline>
<codeline lineno="94"><highlight class="normal"><sp/><sp/><sp/><sp/><sp/><sp/><sp/><sp/><sp/><sp/><sp/><sp/>Console.WriteLine($</highlight><highlight class="stringliteral">&quot;Erro<sp/>de<sp/>Condominio:<sp/>{ex.Message}&quot;</highlight><highlight class="normal">);</highlight></codeline>
<codeline lineno="95"><highlight class="normal"><sp/><sp/><sp/><sp/><sp/><sp/><sp/><sp/>}</highlight></codeline>
<codeline lineno="96"><highlight class="normal"><sp/><sp/><sp/><sp/><sp/><sp/><sp/><sp/></highlight><highlight class="keywordflow">catch</highlight><highlight class="normal"><sp/>(<ref refid="class_excecoes_1_1_despesa_exception" kindref="compound">DespesaException</ref><sp/>ex)</highlight></codeline>
<codeline lineno="97"><highlight class="normal"><sp/><sp/><sp/><sp/><sp/><sp/><sp/><sp/>{</highlight></codeline>
<codeline lineno="98"><highlight class="normal"><sp/><sp/><sp/><sp/><sp/><sp/><sp/><sp/><sp/><sp/><sp/><sp/>Console.WriteLine($</highlight><highlight class="stringliteral">&quot;Erro<sp/>de<sp/>Despesa:<sp/>{ex.Message}&quot;</highlight><highlight class="normal">);</highlight></codeline>
<codeline lineno="99"><highlight class="normal"><sp/><sp/><sp/><sp/><sp/><sp/><sp/><sp/>}</highlight></codeline>
<codeline lineno="100"><highlight class="normal"><sp/><sp/><sp/><sp/><sp/><sp/><sp/><sp/></highlight><highlight class="keywordflow">catch</highlight><highlight class="normal"><sp/>(<ref refid="class_excecoes_1_1_imovel_exception" kindref="compound">ImovelException</ref><sp/>ex)</highlight></codeline>
<codeline lineno="101"><highlight class="normal"><sp/><sp/><sp/><sp/><sp/><sp/><sp/><sp/>{</highlight></codeline>
<codeline lineno="102"><highlight class="normal"><sp/><sp/><sp/><sp/><sp/><sp/><sp/><sp/><sp/><sp/><sp/><sp/>Console.WriteLine($</highlight><highlight class="stringliteral">&quot;Erro<sp/>de<sp/>Imovel:<sp/>{ex.Message}&quot;</highlight><highlight class="normal">);</highlight></codeline>
<codeline lineno="103"><highlight class="normal"><sp/><sp/><sp/><sp/><sp/><sp/><sp/><sp/>}</highlight></codeline>
<codeline lineno="104"><highlight class="normal"><sp/><sp/><sp/><sp/><sp/><sp/><sp/><sp/></highlight><highlight class="keywordflow">catch</highlight><highlight class="normal"><sp/>(<ref refid="class_excecoes_1_1_proprietario_exception" kindref="compound">ProprietarioException</ref><sp/>ex)</highlight></codeline>
<codeline lineno="105"><highlight class="normal"><sp/><sp/><sp/><sp/><sp/><sp/><sp/><sp/>{</highlight></codeline>
<codeline lineno="106"><highlight class="normal"><sp/><sp/><sp/><sp/><sp/><sp/><sp/><sp/><sp/><sp/><sp/><sp/>Console.WriteLine($</highlight><highlight class="stringliteral">&quot;Erro<sp/>de<sp/>Proprietario:<sp/>{ex.Message}&quot;</highlight><highlight class="normal">);</highlight></codeline>
<codeline lineno="107"><highlight class="normal"><sp/><sp/><sp/><sp/><sp/><sp/><sp/><sp/>}</highlight></codeline>
<codeline lineno="108"><highlight class="normal"><sp/><sp/><sp/><sp/><sp/><sp/><sp/><sp/></highlight><highlight class="keywordflow">catch</highlight><highlight class="normal"><sp/>(<ref refid="class_excecoes_1_1_reuniao_exception" kindref="compound">ReuniaoException</ref><sp/>ex)</highlight></codeline>
<codeline lineno="109"><highlight class="normal"><sp/><sp/><sp/><sp/><sp/><sp/><sp/><sp/>{</highlight></codeline>
<codeline lineno="110"><highlight class="normal"><sp/><sp/><sp/><sp/><sp/><sp/><sp/><sp/><sp/><sp/><sp/><sp/>Console.WriteLine($</highlight><highlight class="stringliteral">&quot;Erro<sp/>de<sp/>Reuniao:<sp/>{ex.Message}&quot;</highlight><highlight class="normal">);</highlight></codeline>
<codeline lineno="111"><highlight class="normal"><sp/><sp/><sp/><sp/><sp/><sp/><sp/><sp/>}</highlight></codeline>
<codeline lineno="112"><highlight class="normal"><sp/><sp/><sp/><sp/><sp/><sp/><sp/><sp/></highlight><highlight class="keywordflow">catch</highlight><highlight class="normal"><sp/>(<ref refid="class_excecoes_1_1_documento_exception" kindref="compound">DocumentoException</ref><sp/>ex)</highlight></codeline>
<codeline lineno="113"><highlight class="normal"><sp/><sp/><sp/><sp/><sp/><sp/><sp/><sp/>{</highlight></codeline>
<codeline lineno="114"><highlight class="normal"><sp/><sp/><sp/><sp/><sp/><sp/><sp/><sp/><sp/><sp/><sp/><sp/>Console.WriteLine($</highlight><highlight class="stringliteral">&quot;Erro<sp/>de<sp/>Documento:<sp/>{ex.Message}&quot;</highlight><highlight class="normal">);</highlight></codeline>
<codeline lineno="115"><highlight class="normal"><sp/><sp/><sp/><sp/><sp/><sp/><sp/><sp/>}</highlight></codeline>
<codeline lineno="116"><highlight class="normal"><sp/><sp/><sp/><sp/><sp/><sp/><sp/><sp/></highlight><highlight class="keywordflow">catch</highlight><highlight class="normal"><sp/>(Exception<sp/>ex)</highlight></codeline>
<codeline lineno="117"><highlight class="normal"><sp/><sp/><sp/><sp/><sp/><sp/><sp/><sp/>{</highlight></codeline>
<codeline lineno="118"><highlight class="normal"><sp/><sp/><sp/><sp/><sp/><sp/><sp/><sp/><sp/><sp/><sp/><sp/>Console.WriteLine($</highlight><highlight class="stringliteral">&quot;Erro:<sp/>{ex.Message}&quot;</highlight><highlight class="normal">);</highlight></codeline>
<codeline lineno="119"><highlight class="normal"><sp/><sp/><sp/><sp/><sp/><sp/><sp/><sp/>}</highlight></codeline>
<codeline lineno="120"><highlight class="normal"><sp/><sp/><sp/><sp/>}</highlight></codeline>
<codeline lineno="121"><highlight class="normal">}</highlight></codeline>
    </programlisting>
    <location file="C:/Users/plmrj/Desktop/POO_T1_Código/TP_GCondominios/TP_GCondominios/Program.cs"/>
  </compounddef>
</doxygen>
