<?xml version='1.0' encoding='UTF-8' standalone='no'?>
<doxygen xmlns:xsi="http://www.w3.org/2001/XMLSchema-instance" xsi:noNamespaceSchemaLocation="compound.xsd" version="1.9.8" xml:lang="en-US">
  <compounddef id="_regras_8cs" kind="file" language="C#">
    <compoundname>Regras.cs</compoundname>
    <innerclass refid="class_regras_negocio_1_1_condominio_regras" prot="public">RegrasNegocio::CondominioRegras</innerclass>
    <innerclass refid="class_regras_negocio_1_1_despesa_regras" prot="public">RegrasNegocio::DespesaRegras</innerclass>
    <innerclass refid="class_regras_negocio_1_1_imovel_regras" prot="public">RegrasNegocio::ImovelRegras</innerclass>
    <innerclass refid="class_regras_negocio_1_1_proprietario_regras" prot="public">RegrasNegocio::ProprietarioRegras</innerclass>
    <innerclass refid="class_regras_negocio_1_1_reuniao_regras" prot="public">RegrasNegocio::ReuniaoRegras</innerclass>
    <innerclass refid="class_regras_negocio_1_1_documento_regras" prot="public">RegrasNegocio::DocumentoRegras</innerclass>
    <innernamespace refid="namespace_regras_negocio">RegrasNegocio</innernamespace>
    <briefdescription>
    </briefdescription>
    <detaileddescription>
    </detaileddescription>
    <programlisting>
<codeline lineno="1"><highlight class="comment">/*</highlight></codeline>
<codeline lineno="2"><highlight class="comment"><sp/>*<sp/></highlight></codeline>
<codeline lineno="3"><highlight class="comment"><sp/>*<sp/>Classe<sp/>&quot;Regras&quot;<sp/>-<sp/>Regras<sp/>de<sp/>Negócio</highlight></codeline>
<codeline lineno="4"><highlight class="comment"><sp/>*<sp/>Fábio<sp/>Fernandes<sp/>-<sp/>a22996@alunos.ipca.pt</highlight></codeline>
<codeline lineno="5"><highlight class="comment"><sp/>*<sp/>Pedro<sp/>Rocha<sp/>-<sp/>a23009@alunos.ipca.pt</highlight></codeline>
<codeline lineno="6"><highlight class="comment"><sp/>*<sp/>LESI<sp/>-<sp/>POO</highlight></codeline>
<codeline lineno="7"><highlight class="comment"><sp/>*<sp/></highlight></codeline>
<codeline lineno="8"><highlight class="comment"><sp/>*/</highlight><highlight class="normal"></highlight></codeline>
<codeline lineno="9"><highlight class="normal"></highlight></codeline>
<codeline lineno="10"><highlight class="normal"></highlight><highlight class="keyword">using<sp/></highlight><highlight class="normal"><ref refid="_excecoes_8cs_1a81a223a02c34d82b47199f08308847f2" kindref="member">System</ref>;</highlight></codeline>
<codeline lineno="11"><highlight class="normal"></highlight><highlight class="keyword">using<sp/></highlight><highlight class="normal">System.Collections.Generic;</highlight></codeline>
<codeline lineno="12"><highlight class="normal"></highlight><highlight class="keyword">using<sp/></highlight><highlight class="normal">System.Linq;</highlight></codeline>
<codeline lineno="13"><highlight class="normal"></highlight><highlight class="keyword">using<sp/></highlight><highlight class="normal">System.Text;</highlight></codeline>
<codeline lineno="14"><highlight class="normal"></highlight><highlight class="keyword">using<sp/></highlight><highlight class="normal">System.Threading.Tasks;</highlight></codeline>
<codeline lineno="15"><highlight class="normal"></highlight><highlight class="keyword">using<sp/></highlight><highlight class="normal"><ref refid="namespace_dados" kindref="compound">Dados</ref>;</highlight></codeline>
<codeline lineno="16"><highlight class="normal"></highlight><highlight class="keyword">using<sp/></highlight><highlight class="normal"><ref refid="namespace_objetos_negocio" kindref="compound">ObjetosNegocio</ref>;</highlight></codeline>
<codeline lineno="17"><highlight class="normal"></highlight><highlight class="keyword">using<sp/></highlight><highlight class="normal"><ref refid="namespace_excecoes" kindref="compound">Excecoes</ref>;</highlight></codeline>
<codeline lineno="18"><highlight class="normal"></highlight></codeline>
<codeline lineno="19" refid="namespace_regras_negocio" refkind="compound"><highlight class="normal"></highlight><highlight class="keyword">namespace<sp/></highlight><highlight class="normal"><ref refid="namespace_regras_negocio" kindref="compound">RegrasNegocio</ref></highlight></codeline>
<codeline lineno="20"><highlight class="normal">{</highlight></codeline>
<codeline lineno="21"><highlight class="normal"><sp/><sp/><sp/><sp/></highlight><highlight class="keyword">public</highlight><highlight class="normal"><sp/></highlight><highlight class="keyword">static</highlight><highlight class="normal"><sp/></highlight><highlight class="keyword">class<sp/></highlight><highlight class="normal">CondominioRegras</highlight></codeline>
<codeline lineno="22"><highlight class="normal"><sp/><sp/><sp/><sp/>{</highlight></codeline>
<codeline lineno="23"><highlight class="normal"><sp/><sp/><sp/><sp/><sp/><sp/><sp/><sp/></highlight><highlight class="keyword">public</highlight><highlight class="normal"><sp/></highlight><highlight class="keyword">static</highlight><highlight class="normal"><sp/></highlight><highlight class="keywordtype">void</highlight><highlight class="normal"><sp/>ValidarCondominio(<ref refid="class_objetos_negocio_1_1_condominio" kindref="compound">Condominio</ref><sp/>condominio)</highlight></codeline>
<codeline lineno="24"><highlight class="normal"><sp/><sp/><sp/><sp/><sp/><sp/><sp/><sp/>{</highlight></codeline>
<codeline lineno="25"><highlight class="normal"><sp/><sp/><sp/><sp/><sp/><sp/><sp/><sp/><sp/><sp/><sp/><sp/></highlight><highlight class="keywordflow">if</highlight><highlight class="normal"><sp/>(</highlight><highlight class="keywordtype">string</highlight><highlight class="normal">.IsNullOrWhiteSpace(condominio.<ref refid="class_objetos_negocio_1_1_condominio_1a4f7c04331cbb42fa4bb17f4f5c8c1ace" kindref="member">Nome</ref>))</highlight></codeline>
<codeline lineno="26"><highlight class="normal"><sp/><sp/><sp/><sp/><sp/><sp/><sp/><sp/><sp/><sp/><sp/><sp/>{</highlight></codeline>
<codeline lineno="27"><highlight class="normal"><sp/><sp/><sp/><sp/><sp/><sp/><sp/><sp/><sp/><sp/><sp/><sp/><sp/><sp/><sp/><sp/></highlight><highlight class="keywordflow">throw</highlight><highlight class="normal"><sp/></highlight><highlight class="keyword">new</highlight><highlight class="normal"><sp/><ref refid="class_excecoes_1_1_condominio_exception" kindref="compound">CondominioException</ref>.<ref refid="class_excecoes_1_1_condominio_exception_1_1_nome_condominio_nulo_ou_vazio_exception" kindref="compound">NomeCondominioNuloOuVazioException</ref>();</highlight></codeline>
<codeline lineno="28"><highlight class="normal"><sp/><sp/><sp/><sp/><sp/><sp/><sp/><sp/><sp/><sp/><sp/><sp/>}</highlight></codeline>
<codeline lineno="29"><highlight class="normal"></highlight></codeline>
<codeline lineno="30"><highlight class="normal"><sp/><sp/><sp/><sp/><sp/><sp/><sp/><sp/><sp/><sp/><sp/><sp/></highlight><highlight class="keywordflow">if</highlight><highlight class="normal"><sp/>(</highlight><highlight class="keywordtype">string</highlight><highlight class="normal">.IsNullOrWhiteSpace(condominio.<ref refid="class_objetos_negocio_1_1_condominio_1a9ddb1dfebbc38ac57e3ba1d1809047d2" kindref="member">Endereco</ref>))</highlight></codeline>
<codeline lineno="31"><highlight class="normal"><sp/><sp/><sp/><sp/><sp/><sp/><sp/><sp/><sp/><sp/><sp/><sp/>{</highlight></codeline>
<codeline lineno="32"><highlight class="normal"><sp/><sp/><sp/><sp/><sp/><sp/><sp/><sp/><sp/><sp/><sp/><sp/><sp/><sp/><sp/><sp/></highlight><highlight class="keywordflow">throw</highlight><highlight class="normal"><sp/></highlight><highlight class="keyword">new</highlight><highlight class="normal"><sp/><ref refid="class_excecoes_1_1_condominio_exception" kindref="compound">CondominioException</ref>.<ref refid="class_excecoes_1_1_condominio_exception_1_1_endereco_condominio_nulo_ou_vazio_exception" kindref="compound">EnderecoCondominioNuloOuVazioException</ref>();</highlight></codeline>
<codeline lineno="33"><highlight class="normal"><sp/><sp/><sp/><sp/><sp/><sp/><sp/><sp/><sp/><sp/><sp/><sp/>}</highlight></codeline>
<codeline lineno="34"><highlight class="normal"></highlight></codeline>
<codeline lineno="35"><highlight class="normal"><sp/><sp/><sp/><sp/><sp/><sp/><sp/><sp/><sp/><sp/><sp/><sp/></highlight><highlight class="keywordflow">if</highlight><highlight class="normal"><sp/>(condominio.<ref refid="class_objetos_negocio_1_1_condominio_1a85516cb7714d8210b1c0b63a6d653ecc" kindref="member">Despesas</ref>.Count<sp/>==<sp/>0)</highlight></codeline>
<codeline lineno="36"><highlight class="normal"><sp/><sp/><sp/><sp/><sp/><sp/><sp/><sp/><sp/><sp/><sp/><sp/>{</highlight></codeline>
<codeline lineno="37"><highlight class="normal"><sp/><sp/><sp/><sp/><sp/><sp/><sp/><sp/><sp/><sp/><sp/><sp/><sp/><sp/><sp/><sp/></highlight><highlight class="keywordflow">throw</highlight><highlight class="normal"><sp/></highlight><highlight class="keyword">new</highlight><highlight class="normal"><sp/><ref refid="class_excecoes_1_1_condominio_exception" kindref="compound">CondominioException</ref>.<ref refid="class_excecoes_1_1_condominio_exception_1_1_despesas_condominio_vazias_exception" kindref="compound">DespesasCondominioVaziasException</ref>();</highlight></codeline>
<codeline lineno="38"><highlight class="normal"><sp/><sp/><sp/><sp/><sp/><sp/><sp/><sp/><sp/><sp/><sp/><sp/>}</highlight></codeline>
<codeline lineno="39"><highlight class="normal"></highlight></codeline>
<codeline lineno="40"><highlight class="normal"><sp/><sp/><sp/><sp/><sp/><sp/><sp/><sp/><sp/><sp/><sp/><sp/></highlight><highlight class="keywordflow">if</highlight><highlight class="normal"><sp/>(condominio.<ref refid="class_objetos_negocio_1_1_condominio_1a8c0a1d8101ed01abe4eb7b0e9a70d1a5" kindref="member">Imoveis</ref>.Count<sp/>==<sp/>0)</highlight></codeline>
<codeline lineno="41"><highlight class="normal"><sp/><sp/><sp/><sp/><sp/><sp/><sp/><sp/><sp/><sp/><sp/><sp/>{</highlight></codeline>
<codeline lineno="42"><highlight class="normal"><sp/><sp/><sp/><sp/><sp/><sp/><sp/><sp/><sp/><sp/><sp/><sp/><sp/><sp/><sp/><sp/></highlight><highlight class="keywordflow">throw</highlight><highlight class="normal"><sp/></highlight><highlight class="keyword">new</highlight><highlight class="normal"><sp/><ref refid="class_excecoes_1_1_condominio_exception" kindref="compound">CondominioException</ref>.<ref refid="class_excecoes_1_1_condominio_exception_1_1_imoveis_condominio_vazios_exception" kindref="compound">ImoveisCondominioVaziosException</ref>();</highlight></codeline>
<codeline lineno="43"><highlight class="normal"><sp/><sp/><sp/><sp/><sp/><sp/><sp/><sp/><sp/><sp/><sp/><sp/>}</highlight></codeline>
<codeline lineno="44"><highlight class="normal"></highlight></codeline>
<codeline lineno="45"><highlight class="normal"><sp/><sp/><sp/><sp/><sp/><sp/><sp/><sp/><sp/><sp/><sp/><sp/></highlight><highlight class="keywordflow">if</highlight><highlight class="normal"><sp/>(condominio.<ref refid="class_objetos_negocio_1_1_condominio_1a837565a56ae379439974a43fdb7a360a" kindref="member">Proprietarios</ref>.Count<sp/>==<sp/>0)</highlight></codeline>
<codeline lineno="46"><highlight class="normal"><sp/><sp/><sp/><sp/><sp/><sp/><sp/><sp/><sp/><sp/><sp/><sp/>{</highlight></codeline>
<codeline lineno="47"><highlight class="normal"><sp/><sp/><sp/><sp/><sp/><sp/><sp/><sp/><sp/><sp/><sp/><sp/><sp/><sp/><sp/><sp/></highlight><highlight class="keywordflow">throw</highlight><highlight class="normal"><sp/></highlight><highlight class="keyword">new</highlight><highlight class="normal"><sp/><ref refid="class_excecoes_1_1_condominio_exception" kindref="compound">CondominioException</ref>.<ref refid="class_excecoes_1_1_condominio_exception_1_1_proprietarios_condominio_vazios_exception" kindref="compound">ProprietariosCondominioVaziosException</ref>();</highlight></codeline>
<codeline lineno="48"><highlight class="normal"><sp/><sp/><sp/><sp/><sp/><sp/><sp/><sp/><sp/><sp/><sp/><sp/>}</highlight></codeline>
<codeline lineno="49"><highlight class="normal"></highlight></codeline>
<codeline lineno="50"><highlight class="normal"><sp/><sp/><sp/><sp/><sp/><sp/><sp/><sp/><sp/><sp/><sp/><sp/></highlight><highlight class="keywordflow">if</highlight><highlight class="normal"><sp/>(condominio.<ref refid="class_objetos_negocio_1_1_condominio_1ac9771bdff7e977cd04c119dc098d2fa6" kindref="member">Reunioes</ref>.Count<sp/>==<sp/>0)</highlight></codeline>
<codeline lineno="51"><highlight class="normal"><sp/><sp/><sp/><sp/><sp/><sp/><sp/><sp/><sp/><sp/><sp/><sp/>{</highlight></codeline>
<codeline lineno="52"><highlight class="normal"><sp/><sp/><sp/><sp/><sp/><sp/><sp/><sp/><sp/><sp/><sp/><sp/><sp/><sp/><sp/><sp/></highlight><highlight class="keywordflow">throw</highlight><highlight class="normal"><sp/></highlight><highlight class="keyword">new</highlight><highlight class="normal"><sp/><ref refid="class_excecoes_1_1_condominio_exception" kindref="compound">CondominioException</ref>.<ref refid="class_excecoes_1_1_condominio_exception_1_1_reunioes_condominio_vazias_exception" kindref="compound">ReunioesCondominioVaziasException</ref>();</highlight></codeline>
<codeline lineno="53"><highlight class="normal"><sp/><sp/><sp/><sp/><sp/><sp/><sp/><sp/><sp/><sp/><sp/><sp/>}</highlight></codeline>
<codeline lineno="54"><highlight class="normal"></highlight></codeline>
<codeline lineno="55"><highlight class="normal"><sp/><sp/><sp/><sp/><sp/><sp/><sp/><sp/><sp/><sp/><sp/><sp/></highlight><highlight class="keywordflow">if</highlight><highlight class="normal"><sp/>(condominio.<ref refid="class_objetos_negocio_1_1_condominio_1acdc28f0fb717e848059301cc181ed0d1" kindref="member">Documentos</ref>.Count<sp/>==<sp/>0)</highlight></codeline>
<codeline lineno="56"><highlight class="normal"><sp/><sp/><sp/><sp/><sp/><sp/><sp/><sp/><sp/><sp/><sp/><sp/>{</highlight></codeline>
<codeline lineno="57"><highlight class="normal"><sp/><sp/><sp/><sp/><sp/><sp/><sp/><sp/><sp/><sp/><sp/><sp/><sp/><sp/><sp/><sp/></highlight><highlight class="keywordflow">throw</highlight><highlight class="normal"><sp/></highlight><highlight class="keyword">new</highlight><highlight class="normal"><sp/><ref refid="class_excecoes_1_1_condominio_exception" kindref="compound">CondominioException</ref>.<ref refid="class_excecoes_1_1_condominio_exception_1_1_documentos_condominio_vazios_exception" kindref="compound">DocumentosCondominioVaziosException</ref>();</highlight></codeline>
<codeline lineno="58"><highlight class="normal"><sp/><sp/><sp/><sp/><sp/><sp/><sp/><sp/><sp/><sp/><sp/><sp/>}</highlight></codeline>
<codeline lineno="59"><highlight class="normal"><sp/><sp/><sp/><sp/><sp/><sp/><sp/><sp/>}</highlight></codeline>
<codeline lineno="60"><highlight class="normal"><sp/><sp/><sp/><sp/>}</highlight></codeline>
<codeline lineno="61"><highlight class="normal"></highlight></codeline>
<codeline lineno="62"><highlight class="normal"><sp/><sp/><sp/><sp/></highlight><highlight class="keyword">public</highlight><highlight class="normal"><sp/></highlight><highlight class="keyword">static</highlight><highlight class="normal"><sp/></highlight><highlight class="keyword">class<sp/></highlight><highlight class="normal">DespesaRegras</highlight></codeline>
<codeline lineno="63"><highlight class="normal"><sp/><sp/><sp/><sp/>{</highlight></codeline>
<codeline lineno="64"><highlight class="normal"><sp/><sp/><sp/><sp/><sp/><sp/><sp/><sp/></highlight><highlight class="keyword">public</highlight><highlight class="normal"><sp/></highlight><highlight class="keyword">static</highlight><highlight class="normal"><sp/></highlight><highlight class="keywordtype">void</highlight><highlight class="normal"><sp/>ValidarDespesa(<ref refid="class_objetos_negocio_1_1_despesa" kindref="compound">Despesa</ref><sp/>despesa)</highlight></codeline>
<codeline lineno="65"><highlight class="normal"><sp/><sp/><sp/><sp/><sp/><sp/><sp/><sp/>{</highlight></codeline>
<codeline lineno="66"><highlight class="normal"><sp/><sp/><sp/><sp/><sp/><sp/><sp/><sp/><sp/><sp/><sp/><sp/></highlight><highlight class="keywordflow">if</highlight><highlight class="normal"><sp/>(</highlight><highlight class="keywordtype">string</highlight><highlight class="normal">.IsNullOrWhiteSpace(despesa.<ref refid="class_objetos_negocio_1_1_despesa_1a260708ff1fcd7c48ef576bc86caf1ab8" kindref="member">Tipo</ref>))</highlight></codeline>
<codeline lineno="67"><highlight class="normal"><sp/><sp/><sp/><sp/><sp/><sp/><sp/><sp/><sp/><sp/><sp/><sp/>{</highlight></codeline>
<codeline lineno="68"><highlight class="normal"><sp/><sp/><sp/><sp/><sp/><sp/><sp/><sp/><sp/><sp/><sp/><sp/><sp/><sp/><sp/><sp/></highlight><highlight class="keywordflow">throw</highlight><highlight class="normal"><sp/></highlight><highlight class="keyword">new</highlight><highlight class="normal"><sp/><ref refid="class_excecoes_1_1_despesa_exception" kindref="compound">DespesaException</ref>.<ref refid="class_excecoes_1_1_despesa_exception_1_1_tipo_despesa_nulo_ou_vazio_exception" kindref="compound">TipoDespesaNuloOuVazioException</ref>();</highlight></codeline>
<codeline lineno="69"><highlight class="normal"><sp/><sp/><sp/><sp/><sp/><sp/><sp/><sp/><sp/><sp/><sp/><sp/>}</highlight></codeline>
<codeline lineno="70"><highlight class="normal"></highlight></codeline>
<codeline lineno="71"><highlight class="normal"><sp/><sp/><sp/><sp/><sp/><sp/><sp/><sp/><sp/><sp/><sp/><sp/></highlight><highlight class="keywordflow">if</highlight><highlight class="normal"><sp/>(</highlight><highlight class="keywordtype">string</highlight><highlight class="normal">.IsNullOrWhiteSpace(despesa.<ref refid="class_objetos_negocio_1_1_despesa_1a385fe18c951dc51fbba7f264ff52e62f" kindref="member">Imovel</ref>))</highlight></codeline>
<codeline lineno="72"><highlight class="normal"><sp/><sp/><sp/><sp/><sp/><sp/><sp/><sp/><sp/><sp/><sp/><sp/>{</highlight></codeline>
<codeline lineno="73"><highlight class="normal"><sp/><sp/><sp/><sp/><sp/><sp/><sp/><sp/><sp/><sp/><sp/><sp/><sp/><sp/><sp/><sp/></highlight><highlight class="keywordflow">throw</highlight><highlight class="normal"><sp/></highlight><highlight class="keyword">new</highlight><highlight class="normal"><sp/><ref refid="class_excecoes_1_1_despesa_exception" kindref="compound">DespesaException</ref>.<ref refid="class_excecoes_1_1_despesa_exception_1_1_imovel_despesa_nulo_ou_vazio_exception" kindref="compound">ImovelDespesaNuloOuVazioException</ref>();</highlight></codeline>
<codeline lineno="74"><highlight class="normal"><sp/><sp/><sp/><sp/><sp/><sp/><sp/><sp/><sp/><sp/><sp/><sp/>}</highlight></codeline>
<codeline lineno="75"><highlight class="normal"></highlight></codeline>
<codeline lineno="76"><highlight class="normal"><sp/><sp/><sp/><sp/><sp/><sp/><sp/><sp/><sp/><sp/><sp/><sp/></highlight><highlight class="keywordflow">if</highlight><highlight class="normal"><sp/>(despesa.<ref refid="class_objetos_negocio_1_1_despesa_1a1c4179af50f1cdee32019b07d0dcc7b0" kindref="member">Valor</ref><sp/>&lt;=<sp/>0)</highlight></codeline>
<codeline lineno="77"><highlight class="normal"><sp/><sp/><sp/><sp/><sp/><sp/><sp/><sp/><sp/><sp/><sp/><sp/>{</highlight></codeline>
<codeline lineno="78"><highlight class="normal"><sp/><sp/><sp/><sp/><sp/><sp/><sp/><sp/><sp/><sp/><sp/><sp/><sp/><sp/><sp/><sp/></highlight><highlight class="keywordflow">throw</highlight><highlight class="normal"><sp/></highlight><highlight class="keyword">new</highlight><highlight class="normal"><sp/><ref refid="class_excecoes_1_1_despesa_exception" kindref="compound">DespesaException</ref>.<ref refid="class_excecoes_1_1_despesa_exception_1_1_valor_despesa_invalido_exception" kindref="compound">ValorDespesaInvalidoException</ref>();</highlight></codeline>
<codeline lineno="79"><highlight class="normal"><sp/><sp/><sp/><sp/><sp/><sp/><sp/><sp/><sp/><sp/><sp/><sp/>}</highlight></codeline>
<codeline lineno="80"><highlight class="normal"></highlight></codeline>
<codeline lineno="81"><highlight class="normal"><sp/><sp/><sp/><sp/><sp/><sp/><sp/><sp/><sp/><sp/><sp/><sp/></highlight><highlight class="keywordflow">if</highlight><highlight class="normal"><sp/>(despesa.<ref refid="class_objetos_negocio_1_1_despesa_1aeff055c9b37d0daaf4b43510cca9a86e" kindref="member">DataVencimento</ref><sp/>&lt;<sp/>DateTime.Today)</highlight></codeline>
<codeline lineno="82"><highlight class="normal"><sp/><sp/><sp/><sp/><sp/><sp/><sp/><sp/><sp/><sp/><sp/><sp/>{</highlight></codeline>
<codeline lineno="83"><highlight class="normal"><sp/><sp/><sp/><sp/><sp/><sp/><sp/><sp/><sp/><sp/><sp/><sp/><sp/><sp/><sp/><sp/></highlight><highlight class="keywordflow">throw</highlight><highlight class="normal"><sp/></highlight><highlight class="keyword">new</highlight><highlight class="normal"><sp/><ref refid="class_excecoes_1_1_despesa_exception" kindref="compound">DespesaException</ref>.<ref refid="class_excecoes_1_1_despesa_exception_1_1_data_vencimento_despesa_passada_exception" kindref="compound">DataVencimentoDespesaPassadaException</ref>();</highlight></codeline>
<codeline lineno="84"><highlight class="normal"><sp/><sp/><sp/><sp/><sp/><sp/><sp/><sp/><sp/><sp/><sp/><sp/>}</highlight></codeline>
<codeline lineno="85"><highlight class="normal"><sp/><sp/><sp/><sp/><sp/><sp/><sp/><sp/>}</highlight></codeline>
<codeline lineno="86"><highlight class="normal"><sp/><sp/><sp/><sp/>}</highlight></codeline>
<codeline lineno="87"><highlight class="normal"></highlight></codeline>
<codeline lineno="88"><highlight class="normal"><sp/><sp/><sp/><sp/></highlight><highlight class="keyword">public</highlight><highlight class="normal"><sp/></highlight><highlight class="keyword">static</highlight><highlight class="normal"><sp/></highlight><highlight class="keyword">class<sp/></highlight><highlight class="normal">ImovelRegras</highlight></codeline>
<codeline lineno="89"><highlight class="normal"><sp/><sp/><sp/><sp/>{</highlight></codeline>
<codeline lineno="90"><highlight class="normal"><sp/><sp/><sp/><sp/><sp/><sp/><sp/><sp/></highlight><highlight class="keyword">public</highlight><highlight class="normal"><sp/></highlight><highlight class="keyword">static</highlight><highlight class="normal"><sp/></highlight><highlight class="keywordtype">void</highlight><highlight class="normal"><sp/>ValidarImovel(<ref refid="class_objetos_negocio_1_1_imovel" kindref="compound">Imovel</ref><sp/>imovel)</highlight></codeline>
<codeline lineno="91"><highlight class="normal"><sp/><sp/><sp/><sp/><sp/><sp/><sp/><sp/>{</highlight></codeline>
<codeline lineno="92"><highlight class="normal"><sp/><sp/><sp/><sp/><sp/><sp/><sp/><sp/><sp/><sp/><sp/><sp/></highlight><highlight class="keywordflow">if</highlight><highlight class="normal"><sp/>(</highlight><highlight class="keywordtype">string</highlight><highlight class="normal">.IsNullOrWhiteSpace(imovel.<ref refid="class_objetos_negocio_1_1_imovel_1a595dcf4672d8353fa4f2bfaa91fb7175" kindref="member">Endereco</ref>))</highlight></codeline>
<codeline lineno="93"><highlight class="normal"><sp/><sp/><sp/><sp/><sp/><sp/><sp/><sp/><sp/><sp/><sp/><sp/>{</highlight></codeline>
<codeline lineno="94"><highlight class="normal"><sp/><sp/><sp/><sp/><sp/><sp/><sp/><sp/><sp/><sp/><sp/><sp/><sp/><sp/><sp/><sp/></highlight><highlight class="keywordflow">throw</highlight><highlight class="normal"><sp/></highlight><highlight class="keyword">new</highlight><highlight class="normal"><sp/><ref refid="class_excecoes_1_1_imovel_exception" kindref="compound">ImovelException</ref>.<ref refid="class_excecoes_1_1_imovel_exception_1_1_endereco_imovel_nulo_ou_vazio_exception" kindref="compound">EnderecoImovelNuloOuVazioException</ref>();</highlight></codeline>
<codeline lineno="95"><highlight class="normal"><sp/><sp/><sp/><sp/><sp/><sp/><sp/><sp/><sp/><sp/><sp/><sp/>}</highlight></codeline>
<codeline lineno="96"><highlight class="normal"></highlight></codeline>
<codeline lineno="97"><highlight class="normal"><sp/><sp/><sp/><sp/><sp/><sp/><sp/><sp/><sp/><sp/><sp/><sp/></highlight><highlight class="keywordflow">if</highlight><highlight class="normal"><sp/>(imovel.<ref refid="class_objetos_negocio_1_1_imovel_1a22c46d20ffddbed0337366728652076b" kindref="member">Despesas</ref>.Count<sp/>==<sp/>0)</highlight></codeline>
<codeline lineno="98"><highlight class="normal"><sp/><sp/><sp/><sp/><sp/><sp/><sp/><sp/><sp/><sp/><sp/><sp/>{</highlight></codeline>
<codeline lineno="99"><highlight class="normal"><sp/><sp/><sp/><sp/><sp/><sp/><sp/><sp/><sp/><sp/><sp/><sp/><sp/><sp/><sp/><sp/></highlight><highlight class="keywordflow">throw</highlight><highlight class="normal"><sp/></highlight><highlight class="keyword">new</highlight><highlight class="normal"><sp/><ref refid="class_excecoes_1_1_imovel_exception" kindref="compound">ImovelException</ref>.<ref refid="class_excecoes_1_1_imovel_exception_1_1_despesas_imovel_vazias_exception" kindref="compound">DespesasImovelVaziasException</ref>();</highlight></codeline>
<codeline lineno="100"><highlight class="normal"><sp/><sp/><sp/><sp/><sp/><sp/><sp/><sp/><sp/><sp/><sp/><sp/>}</highlight></codeline>
<codeline lineno="101"><highlight class="normal"></highlight></codeline>
<codeline lineno="102"><highlight class="normal"><sp/><sp/><sp/><sp/><sp/><sp/><sp/><sp/><sp/><sp/><sp/><sp/></highlight><highlight class="keywordflow">if</highlight><highlight class="normal"><sp/>(imovel.<ref refid="class_objetos_negocio_1_1_imovel_1a7559fd24680ba72666f9e3d529a6c5d9" kindref="member">Proprietarios</ref>.Count<sp/>==<sp/>0)</highlight></codeline>
<codeline lineno="103"><highlight class="normal"><sp/><sp/><sp/><sp/><sp/><sp/><sp/><sp/><sp/><sp/><sp/><sp/>{</highlight></codeline>
<codeline lineno="104"><highlight class="normal"><sp/><sp/><sp/><sp/><sp/><sp/><sp/><sp/><sp/><sp/><sp/><sp/><sp/><sp/><sp/><sp/></highlight><highlight class="keywordflow">throw</highlight><highlight class="normal"><sp/></highlight><highlight class="keyword">new</highlight><highlight class="normal"><sp/><ref refid="class_excecoes_1_1_imovel_exception" kindref="compound">ImovelException</ref>.<ref refid="class_excecoes_1_1_imovel_exception_1_1_proprietarios_imovel_vazios_exception" kindref="compound">ProprietariosImovelVaziosException</ref>();</highlight></codeline>
<codeline lineno="105"><highlight class="normal"><sp/><sp/><sp/><sp/><sp/><sp/><sp/><sp/><sp/><sp/><sp/><sp/>}</highlight></codeline>
<codeline lineno="106"><highlight class="normal"><sp/><sp/><sp/><sp/><sp/><sp/><sp/><sp/>}</highlight></codeline>
<codeline lineno="107"><highlight class="normal"><sp/><sp/><sp/><sp/>}</highlight></codeline>
<codeline lineno="108"><highlight class="normal"></highlight></codeline>
<codeline lineno="109"><highlight class="normal"><sp/><sp/><sp/><sp/></highlight><highlight class="keyword">public</highlight><highlight class="normal"><sp/></highlight><highlight class="keyword">static</highlight><highlight class="normal"><sp/></highlight><highlight class="keyword">class<sp/></highlight><highlight class="normal">ProprietarioRegras</highlight></codeline>
<codeline lineno="110"><highlight class="normal"><sp/><sp/><sp/><sp/>{</highlight></codeline>
<codeline lineno="111"><highlight class="normal"><sp/><sp/><sp/><sp/><sp/><sp/><sp/><sp/></highlight><highlight class="keyword">public</highlight><highlight class="normal"><sp/></highlight><highlight class="keyword">static</highlight><highlight class="normal"><sp/></highlight><highlight class="keywordtype">void</highlight><highlight class="normal"><sp/>ValidarProprietario(<ref refid="class_objetos_negocio_1_1_proprietario" kindref="compound">Proprietario</ref><sp/>proprietario)</highlight></codeline>
<codeline lineno="112"><highlight class="normal"><sp/><sp/><sp/><sp/><sp/><sp/><sp/><sp/>{</highlight></codeline>
<codeline lineno="113"><highlight class="normal"><sp/><sp/><sp/><sp/><sp/><sp/><sp/><sp/><sp/><sp/><sp/><sp/></highlight><highlight class="keywordflow">if</highlight><highlight class="normal"><sp/>(</highlight><highlight class="keywordtype">string</highlight><highlight class="normal">.IsNullOrWhiteSpace(proprietario.<ref refid="class_objetos_negocio_1_1_proprietario_1a9cdd60cad5f7c6ad5713848d9e3de33c" kindref="member">Nome</ref>))</highlight></codeline>
<codeline lineno="114"><highlight class="normal"><sp/><sp/><sp/><sp/><sp/><sp/><sp/><sp/><sp/><sp/><sp/><sp/>{</highlight></codeline>
<codeline lineno="115"><highlight class="normal"><sp/><sp/><sp/><sp/><sp/><sp/><sp/><sp/><sp/><sp/><sp/><sp/><sp/><sp/><sp/><sp/></highlight><highlight class="keywordflow">throw</highlight><highlight class="normal"><sp/></highlight><highlight class="keyword">new</highlight><highlight class="normal"><sp/><ref refid="class_excecoes_1_1_proprietario_exception" kindref="compound">ProprietarioException</ref>.<ref refid="class_excecoes_1_1_proprietario_exception_1_1_nome_proprietario_nulo_ou_vazio_exception" kindref="compound">NomeProprietarioNuloOuVazioException</ref>();</highlight></codeline>
<codeline lineno="116"><highlight class="normal"><sp/><sp/><sp/><sp/><sp/><sp/><sp/><sp/><sp/><sp/><sp/><sp/>}</highlight></codeline>
<codeline lineno="117"><highlight class="normal"></highlight></codeline>
<codeline lineno="118"><highlight class="normal"><sp/><sp/><sp/><sp/><sp/><sp/><sp/><sp/><sp/><sp/><sp/><sp/></highlight><highlight class="keywordflow">if</highlight><highlight class="normal"><sp/>(</highlight><highlight class="keywordtype">string</highlight><highlight class="normal">.IsNullOrWhiteSpace(proprietario.<ref refid="class_objetos_negocio_1_1_proprietario_1ae1c90f2465373f249b8d869be4b41328" kindref="member">Contato</ref>))</highlight></codeline>
<codeline lineno="119"><highlight class="normal"><sp/><sp/><sp/><sp/><sp/><sp/><sp/><sp/><sp/><sp/><sp/><sp/>{</highlight></codeline>
<codeline lineno="120"><highlight class="normal"><sp/><sp/><sp/><sp/><sp/><sp/><sp/><sp/><sp/><sp/><sp/><sp/><sp/><sp/><sp/><sp/></highlight><highlight class="keywordflow">throw</highlight><highlight class="normal"><sp/></highlight><highlight class="keyword">new</highlight><highlight class="normal"><sp/><ref refid="class_excecoes_1_1_proprietario_exception" kindref="compound">ProprietarioException</ref>.<ref refid="class_excecoes_1_1_proprietario_exception_1_1_contato_proprietario_nulo_ou_vazio_exception" kindref="compound">ContatoProprietarioNuloOuVazioException</ref>();</highlight></codeline>
<codeline lineno="121"><highlight class="normal"><sp/><sp/><sp/><sp/><sp/><sp/><sp/><sp/><sp/><sp/><sp/><sp/>}</highlight></codeline>
<codeline lineno="122"><highlight class="normal"></highlight></codeline>
<codeline lineno="123"><highlight class="normal"><sp/><sp/><sp/><sp/><sp/><sp/><sp/><sp/><sp/><sp/><sp/><sp/></highlight><highlight class="keywordflow">if</highlight><highlight class="normal"><sp/>(</highlight><highlight class="keywordtype">string</highlight><highlight class="normal">.IsNullOrWhiteSpace(proprietario.<ref refid="class_objetos_negocio_1_1_proprietario_1ac9544590fcef0a4525d63e7eb391207d" kindref="member">Imovel</ref>))</highlight></codeline>
<codeline lineno="124"><highlight class="normal"><sp/><sp/><sp/><sp/><sp/><sp/><sp/><sp/><sp/><sp/><sp/><sp/>{</highlight></codeline>
<codeline lineno="125"><highlight class="normal"><sp/><sp/><sp/><sp/><sp/><sp/><sp/><sp/><sp/><sp/><sp/><sp/><sp/><sp/><sp/><sp/></highlight><highlight class="keywordflow">throw</highlight><highlight class="normal"><sp/></highlight><highlight class="keyword">new</highlight><highlight class="normal"><sp/><ref refid="class_excecoes_1_1_proprietario_exception" kindref="compound">ProprietarioException</ref>.<ref refid="class_excecoes_1_1_proprietario_exception_1_1_imovel_proprietario_nulo_ou_vazio_exception" kindref="compound">ImovelProprietarioNuloOuVazioException</ref>();</highlight></codeline>
<codeline lineno="126"><highlight class="normal"><sp/><sp/><sp/><sp/><sp/><sp/><sp/><sp/><sp/><sp/><sp/><sp/>}</highlight></codeline>
<codeline lineno="127"><highlight class="normal"></highlight></codeline>
<codeline lineno="128"><highlight class="normal"><sp/><sp/><sp/><sp/><sp/><sp/><sp/><sp/><sp/><sp/><sp/><sp/></highlight><highlight class="keywordflow">if</highlight><highlight class="normal"><sp/>(</highlight><highlight class="keywordtype">string</highlight><highlight class="normal">.IsNullOrWhiteSpace(proprietario.<ref refid="class_objetos_negocio_1_1_proprietario_1ae1aa93291307993d89679afc0c7904d9" kindref="member">Nif</ref>))</highlight></codeline>
<codeline lineno="129"><highlight class="normal"><sp/><sp/><sp/><sp/><sp/><sp/><sp/><sp/><sp/><sp/><sp/><sp/>{</highlight></codeline>
<codeline lineno="130"><highlight class="normal"><sp/><sp/><sp/><sp/><sp/><sp/><sp/><sp/><sp/><sp/><sp/><sp/><sp/><sp/><sp/><sp/></highlight><highlight class="keywordflow">throw</highlight><highlight class="normal"><sp/></highlight><highlight class="keyword">new</highlight><highlight class="normal"><sp/><ref refid="class_excecoes_1_1_proprietario_exception" kindref="compound">ProprietarioException</ref>.<ref refid="class_excecoes_1_1_proprietario_exception_1_1_nif_proprietario_nulo_ou_vazio_exception" kindref="compound">NifProprietarioNuloOuVazioException</ref>();</highlight></codeline>
<codeline lineno="131"><highlight class="normal"><sp/><sp/><sp/><sp/><sp/><sp/><sp/><sp/><sp/><sp/><sp/><sp/>}</highlight></codeline>
<codeline lineno="132"><highlight class="normal"><sp/><sp/><sp/><sp/><sp/><sp/><sp/><sp/>}</highlight></codeline>
<codeline lineno="133"><highlight class="normal"><sp/><sp/><sp/><sp/>}</highlight></codeline>
<codeline lineno="134"><highlight class="normal"></highlight></codeline>
<codeline lineno="135"><highlight class="normal"><sp/><sp/><sp/><sp/></highlight><highlight class="keyword">public</highlight><highlight class="normal"><sp/></highlight><highlight class="keyword">static</highlight><highlight class="normal"><sp/></highlight><highlight class="keyword">class<sp/></highlight><highlight class="normal">ReuniaoRegras</highlight></codeline>
<codeline lineno="136"><highlight class="normal"><sp/><sp/><sp/><sp/>{</highlight></codeline>
<codeline lineno="137"><highlight class="normal"><sp/><sp/><sp/><sp/><sp/><sp/><sp/><sp/></highlight><highlight class="keyword">public</highlight><highlight class="normal"><sp/></highlight><highlight class="keyword">static</highlight><highlight class="normal"><sp/></highlight><highlight class="keywordtype">void</highlight><highlight class="normal"><sp/>ValidarReuniao(<ref refid="class_objetos_negocio_1_1_reuniao" kindref="compound">Reuniao</ref><sp/>reuniao)</highlight></codeline>
<codeline lineno="138"><highlight class="normal"><sp/><sp/><sp/><sp/><sp/><sp/><sp/><sp/>{</highlight></codeline>
<codeline lineno="139"><highlight class="normal"><sp/><sp/><sp/><sp/><sp/><sp/><sp/><sp/><sp/><sp/><sp/><sp/></highlight><highlight class="keywordflow">if</highlight><highlight class="normal"><sp/>(reuniao.<ref refid="class_objetos_negocio_1_1_reuniao_1a17647a01f19c617c2bdcc9ad1b555b97" kindref="member">Data</ref><sp/>&lt;<sp/>DateTime.Now)</highlight></codeline>
<codeline lineno="140"><highlight class="normal"><sp/><sp/><sp/><sp/><sp/><sp/><sp/><sp/><sp/><sp/><sp/><sp/>{</highlight></codeline>
<codeline lineno="141"><highlight class="normal"><sp/><sp/><sp/><sp/><sp/><sp/><sp/><sp/><sp/><sp/><sp/><sp/><sp/><sp/><sp/><sp/></highlight><highlight class="keywordflow">throw</highlight><highlight class="normal"><sp/></highlight><highlight class="keyword">new</highlight><highlight class="normal"><sp/><ref refid="class_excecoes_1_1_reuniao_exception" kindref="compound">ReuniaoException</ref>.<ref refid="class_excecoes_1_1_reuniao_exception_1_1_data_reuniao_invalida_exception" kindref="compound">DataReuniaoInvalidaException</ref>();</highlight></codeline>
<codeline lineno="142"><highlight class="normal"><sp/><sp/><sp/><sp/><sp/><sp/><sp/><sp/><sp/><sp/><sp/><sp/>}</highlight></codeline>
<codeline lineno="143"><highlight class="normal"></highlight></codeline>
<codeline lineno="144"><highlight class="normal"><sp/><sp/><sp/><sp/><sp/><sp/><sp/><sp/><sp/><sp/><sp/><sp/></highlight><highlight class="keywordflow">if</highlight><highlight class="normal"><sp/>(reuniao.<ref refid="class_objetos_negocio_1_1_reuniao_1af3bb2f35e5fa159c3553d34160affe9b" kindref="member">Hora</ref><sp/>&lt;<sp/>TimeSpan.Zero<sp/>||<sp/>reuniao.<ref refid="class_objetos_negocio_1_1_reuniao_1af3bb2f35e5fa159c3553d34160affe9b" kindref="member">Hora</ref><sp/>&gt;=<sp/>TimeSpan.FromDays(1))</highlight></codeline>
<codeline lineno="145"><highlight class="normal"><sp/><sp/><sp/><sp/><sp/><sp/><sp/><sp/><sp/><sp/><sp/><sp/>{</highlight></codeline>
<codeline lineno="146"><highlight class="normal"><sp/><sp/><sp/><sp/><sp/><sp/><sp/><sp/><sp/><sp/><sp/><sp/><sp/><sp/><sp/><sp/></highlight><highlight class="keywordflow">throw</highlight><highlight class="normal"><sp/></highlight><highlight class="keyword">new</highlight><highlight class="normal"><sp/><ref refid="class_excecoes_1_1_reuniao_exception" kindref="compound">ReuniaoException</ref>.<ref refid="class_excecoes_1_1_reuniao_exception_1_1_hora_reuniao_invalida_exception" kindref="compound">HoraReuniaoInvalidaException</ref>();</highlight></codeline>
<codeline lineno="147"><highlight class="normal"><sp/><sp/><sp/><sp/><sp/><sp/><sp/><sp/><sp/><sp/><sp/><sp/>}</highlight></codeline>
<codeline lineno="148"><highlight class="normal"></highlight></codeline>
<codeline lineno="149"><highlight class="normal"><sp/><sp/><sp/><sp/><sp/><sp/><sp/><sp/><sp/><sp/><sp/><sp/></highlight><highlight class="keywordflow">if</highlight><highlight class="normal"><sp/>(</highlight><highlight class="keywordtype">string</highlight><highlight class="normal">.IsNullOrWhiteSpace(reuniao.<ref refid="class_objetos_negocio_1_1_reuniao_1a482bde275d7e59b9df91adb286480107" kindref="member">Local</ref>))</highlight></codeline>
<codeline lineno="150"><highlight class="normal"><sp/><sp/><sp/><sp/><sp/><sp/><sp/><sp/><sp/><sp/><sp/><sp/>{</highlight></codeline>
<codeline lineno="151"><highlight class="normal"><sp/><sp/><sp/><sp/><sp/><sp/><sp/><sp/><sp/><sp/><sp/><sp/><sp/><sp/><sp/><sp/></highlight><highlight class="keywordflow">throw</highlight><highlight class="normal"><sp/></highlight><highlight class="keyword">new</highlight><highlight class="normal"><sp/><ref refid="class_excecoes_1_1_reuniao_exception" kindref="compound">ReuniaoException</ref>.<ref refid="class_excecoes_1_1_reuniao_exception_1_1_local_reuniao_nulo_ou_vazio_exception" kindref="compound">LocalReuniaoNuloOuVazioException</ref>();</highlight></codeline>
<codeline lineno="152"><highlight class="normal"><sp/><sp/><sp/><sp/><sp/><sp/><sp/><sp/><sp/><sp/><sp/><sp/>}</highlight></codeline>
<codeline lineno="153"><highlight class="normal"></highlight></codeline>
<codeline lineno="154"><highlight class="normal"><sp/><sp/><sp/><sp/><sp/><sp/><sp/><sp/><sp/><sp/><sp/><sp/></highlight><highlight class="keywordflow">if</highlight><highlight class="normal"><sp/>(reuniao.<ref refid="class_objetos_negocio_1_1_reuniao_1ac519306385cc4b79b72c8fc83125572b" kindref="member">Intervenientes</ref>.Count<sp/>==<sp/>0)</highlight></codeline>
<codeline lineno="155"><highlight class="normal"><sp/><sp/><sp/><sp/><sp/><sp/><sp/><sp/><sp/><sp/><sp/><sp/>{</highlight></codeline>
<codeline lineno="156"><highlight class="normal"><sp/><sp/><sp/><sp/><sp/><sp/><sp/><sp/><sp/><sp/><sp/><sp/><sp/><sp/><sp/><sp/></highlight><highlight class="keywordflow">throw</highlight><highlight class="normal"><sp/></highlight><highlight class="keyword">new</highlight><highlight class="normal"><sp/><ref refid="class_excecoes_1_1_reuniao_exception" kindref="compound">ReuniaoException</ref>.<ref refid="class_excecoes_1_1_reuniao_exception_1_1_intervenientes_reuniao_vazios_exception" kindref="compound">IntervenientesReuniaoVaziosException</ref>();</highlight></codeline>
<codeline lineno="157"><highlight class="normal"><sp/><sp/><sp/><sp/><sp/><sp/><sp/><sp/><sp/><sp/><sp/><sp/>}</highlight></codeline>
<codeline lineno="158"><highlight class="normal"><sp/><sp/><sp/><sp/><sp/><sp/><sp/><sp/>}</highlight></codeline>
<codeline lineno="159"><highlight class="normal"><sp/><sp/><sp/><sp/>}</highlight></codeline>
<codeline lineno="160"><highlight class="normal"></highlight></codeline>
<codeline lineno="161"><highlight class="normal"><sp/><sp/><sp/><sp/></highlight><highlight class="keyword">public</highlight><highlight class="normal"><sp/></highlight><highlight class="keyword">static</highlight><highlight class="normal"><sp/></highlight><highlight class="keyword">class<sp/></highlight><highlight class="normal">DocumentoRegras</highlight></codeline>
<codeline lineno="162"><highlight class="normal"><sp/><sp/><sp/><sp/>{</highlight></codeline>
<codeline lineno="163"><highlight class="normal"><sp/><sp/><sp/><sp/><sp/><sp/><sp/><sp/></highlight><highlight class="keyword">public</highlight><highlight class="normal"><sp/></highlight><highlight class="keyword">static</highlight><highlight class="normal"><sp/></highlight><highlight class="keywordtype">void</highlight><highlight class="normal"><sp/>ValidarDocumento(<ref refid="class_objetos_negocio_1_1_documento" kindref="compound">Documento</ref><sp/>documento)</highlight></codeline>
<codeline lineno="164"><highlight class="normal"><sp/><sp/><sp/><sp/><sp/><sp/><sp/><sp/>{</highlight></codeline>
<codeline lineno="165"><highlight class="normal"><sp/><sp/><sp/><sp/><sp/><sp/><sp/><sp/><sp/><sp/><sp/><sp/></highlight><highlight class="keywordflow">if</highlight><highlight class="normal"><sp/>(</highlight><highlight class="keywordtype">string</highlight><highlight class="normal">.IsNullOrWhiteSpace(documento.<ref refid="class_objetos_negocio_1_1_documento_1a8405540bd4088ef6e6fb2f350ee52706" kindref="member">Tipo</ref>))</highlight></codeline>
<codeline lineno="166"><highlight class="normal"><sp/><sp/><sp/><sp/><sp/><sp/><sp/><sp/><sp/><sp/><sp/><sp/>{</highlight></codeline>
<codeline lineno="167"><highlight class="normal"><sp/><sp/><sp/><sp/><sp/><sp/><sp/><sp/><sp/><sp/><sp/><sp/><sp/><sp/><sp/><sp/></highlight><highlight class="keywordflow">throw</highlight><highlight class="normal"><sp/></highlight><highlight class="keyword">new</highlight><highlight class="normal"><sp/><ref refid="class_excecoes_1_1_documento_exception" kindref="compound">DocumentoException</ref>.<ref refid="class_excecoes_1_1_documento_exception_1_1_tipo_documento_nulo_ou_vazio_exception" kindref="compound">TipoDocumentoNuloOuVazioException</ref>();</highlight></codeline>
<codeline lineno="168"><highlight class="normal"><sp/><sp/><sp/><sp/><sp/><sp/><sp/><sp/><sp/><sp/><sp/><sp/>}</highlight></codeline>
<codeline lineno="169"><highlight class="normal"></highlight></codeline>
<codeline lineno="170"><highlight class="normal"><sp/><sp/><sp/><sp/><sp/><sp/><sp/><sp/><sp/><sp/><sp/><sp/></highlight><highlight class="keywordflow">if</highlight><highlight class="normal"><sp/>(</highlight><highlight class="keywordtype">string</highlight><highlight class="normal">.IsNullOrWhiteSpace(documento.<ref refid="class_objetos_negocio_1_1_documento_1a94439ef5016e2ef2f1a888277133bd92" kindref="member">Nome</ref>))</highlight></codeline>
<codeline lineno="171"><highlight class="normal"><sp/><sp/><sp/><sp/><sp/><sp/><sp/><sp/><sp/><sp/><sp/><sp/>{</highlight></codeline>
<codeline lineno="172"><highlight class="normal"><sp/><sp/><sp/><sp/><sp/><sp/><sp/><sp/><sp/><sp/><sp/><sp/><sp/><sp/><sp/><sp/></highlight><highlight class="keywordflow">throw</highlight><highlight class="normal"><sp/></highlight><highlight class="keyword">new</highlight><highlight class="normal"><sp/><ref refid="class_excecoes_1_1_documento_exception" kindref="compound">DocumentoException</ref>.<ref refid="class_excecoes_1_1_documento_exception_1_1_nome_documento_nulo_ou_vazio_exception" kindref="compound">NomeDocumentoNuloOuVazioException</ref>();</highlight></codeline>
<codeline lineno="173"><highlight class="normal"><sp/><sp/><sp/><sp/><sp/><sp/><sp/><sp/><sp/><sp/><sp/><sp/>}</highlight></codeline>
<codeline lineno="174"><highlight class="normal"></highlight></codeline>
<codeline lineno="175"><highlight class="normal"><sp/><sp/><sp/><sp/><sp/><sp/><sp/><sp/><sp/><sp/><sp/><sp/></highlight><highlight class="keywordflow">if</highlight><highlight class="normal"><sp/>(</highlight><highlight class="keywordtype">string</highlight><highlight class="normal">.IsNullOrWhiteSpace(documento.<ref refid="class_objetos_negocio_1_1_documento_1ae878d58a6df957308a2ac30f8d1590ea" kindref="member">Conteudo</ref>))</highlight></codeline>
<codeline lineno="176"><highlight class="normal"><sp/><sp/><sp/><sp/><sp/><sp/><sp/><sp/><sp/><sp/><sp/><sp/>{</highlight></codeline>
<codeline lineno="177"><highlight class="normal"><sp/><sp/><sp/><sp/><sp/><sp/><sp/><sp/><sp/><sp/><sp/><sp/><sp/><sp/><sp/><sp/></highlight><highlight class="keywordflow">throw</highlight><highlight class="normal"><sp/></highlight><highlight class="keyword">new</highlight><highlight class="normal"><sp/><ref refid="class_excecoes_1_1_documento_exception" kindref="compound">DocumentoException</ref>.<ref refid="class_excecoes_1_1_documento_exception_1_1_conteudo_documento_nulo_ou_vazio_exception" kindref="compound">ConteudoDocumentoNuloOuVazioException</ref>();</highlight></codeline>
<codeline lineno="178"><highlight class="normal"><sp/><sp/><sp/><sp/><sp/><sp/><sp/><sp/><sp/><sp/><sp/><sp/>}</highlight></codeline>
<codeline lineno="179"><highlight class="normal"><sp/><sp/><sp/><sp/><sp/><sp/><sp/><sp/>}</highlight></codeline>
<codeline lineno="180"><highlight class="normal"><sp/><sp/><sp/><sp/>}</highlight></codeline>
<codeline lineno="181"><highlight class="normal">}</highlight></codeline>
    </programlisting>
    <location file="C:/Users/plmrj/Desktop/POO_T1_Código/TP_GCondominios/RegrasNegocio/Regras.cs"/>
  </compounddef>
</doxygen>
