<?xml version='1.0' encoding='UTF-8' standalone='no'?>
<doxygen xmlns:xsi="http://www.w3.org/2001/XMLSchema-instance" xsi:noNamespaceSchemaLocation="compound.xsd" version="1.9.8" xml:lang="en-US">
  <compounddef id="class_excecoes_1_1_reuniao_exception_1_1_intervenientes_reuniao_vazios_exception" kind="class" language="C#" prot="public">
    <compoundname>Excecoes::ReuniaoException::IntervenientesReuniaoVaziosException</compoundname>
    <basecompoundref refid="class_excecoes_1_1_reuniao_exception" prot="public" virt="non-virtual">Excecoes.ReuniaoException</basecompoundref>
    <sectiondef kind="public-func">
      <memberdef kind="function" id="class_excecoes_1_1_reuniao_exception_1_1_intervenientes_reuniao_vazios_exception_1a58461b284d64d7d8674a10dee716dfa6" prot="public" static="no" const="no" explicit="no" inline="yes" virt="non-virtual">
        <type></type>
        <definition>Excecoes.ReuniaoException.IntervenientesReuniaoVaziosException.IntervenientesReuniaoVaziosException</definition>
        <argsstring>()</argsstring>
        <name>IntervenientesReuniaoVaziosException</name>
        <qualifiedname>Excecoes.ReuniaoException.IntervenientesReuniaoVaziosException.IntervenientesReuniaoVaziosException</qualifiedname>
        <briefdescription>
        </briefdescription>
        <detaileddescription>
        </detaileddescription>
        <inbodydescription>
        </inbodydescription>
        <location file="C:/Users/plmrj/Desktop/POO_T1_Código/TP_GCondominios/Excecoes/Excecoes.cs" line="267" column="20" bodyfile="C:/Users/plmrj/Desktop/POO_T1_Código/TP_GCondominios/Excecoes/Excecoes.cs" bodystart="267" bodyend="270"/>
      </memberdef>
    </sectiondef>
    <briefdescription>
<para>Exceção lançada quando a lista de intervenientes na reunião está vazia. </para>
    </briefdescription>
    <detaileddescription>
    </detaileddescription>
    <inheritancegraph>
      <node id="1">
        <label>Excecoes.ReuniaoException.IntervenientesReuniaoVaziosException</label>
        <link refid="class_excecoes_1_1_reuniao_exception_1_1_intervenientes_reuniao_vazios_exception"/>
        <childnode refid="2" relation="public-inheritance">
        </childnode>
      </node>
      <node id="3">
        <label>Exception</label>
      </node>
      <node id="2">
        <label>ReuniaoException</label>
        <link refid="class_excecoes_1_1_reuniao_exception"/>
        <childnode refid="3" relation="public-inheritance">
        </childnode>
      </node>
    </inheritancegraph>
    <collaborationgraph>
      <node id="1">
        <label>Excecoes.ReuniaoException.IntervenientesReuniaoVaziosException</label>
        <link refid="class_excecoes_1_1_reuniao_exception_1_1_intervenientes_reuniao_vazios_exception"/>
        <childnode refid="2" relation="public-inheritance">
        </childnode>
      </node>
      <node id="3">
        <label>Exception</label>
      </node>
      <node id="2">
        <label>ReuniaoException</label>
        <link refid="class_excecoes_1_1_reuniao_exception"/>
        <childnode refid="3" relation="public-inheritance">
        </childnode>
      </node>
    </collaborationgraph>
    <location file="C:/Users/plmrj/Desktop/POO_T1_Código/TP_GCondominios/Excecoes/Excecoes.cs" line="265" column="15" bodyfile="C:/Users/plmrj/Desktop/POO_T1_Código/TP_GCondominios/Excecoes/Excecoes.cs" bodystart="266" bodyend="271"/>
    <listofallmembers>
      <member refid="class_excecoes_1_1_reuniao_exception_1_1_intervenientes_reuniao_vazios_exception_1a58461b284d64d7d8674a10dee716dfa6" prot="public" virt="non-virtual"><scope>Excecoes::ReuniaoException::IntervenientesReuniaoVaziosException</scope><name>IntervenientesReuniaoVaziosException</name></member>
      <member refid="class_excecoes_1_1_reuniao_exception_1ad928e339cb58614d42d6f0ef97542b47" prot="public" virt="non-virtual"><scope>Excecoes::ReuniaoException::IntervenientesReuniaoVaziosException</scope><name>ReuniaoException</name></member>
    </listofallmembers>
  </compounddef>
</doxygen>
