<?xml version='1.0' encoding='UTF-8' standalone='no'?>
<doxygen xmlns:xsi="http://www.w3.org/2001/XMLSchema-instance" xsi:noNamespaceSchemaLocation="compound.xsd" version="1.9.8" xml:lang="en-US">
  <compounddef id="class_regras_negocio_1_1_condominio_regras" kind="class" language="C#" prot="public">
    <compoundname>RegrasNegocio::CondominioRegras</compoundname>
    <sectiondef kind="public-static-func">
      <memberdef kind="function" id="class_regras_negocio_1_1_condominio_regras_1a3600765c8e9a5efb9a61d5be63be66c3" prot="public" static="yes" const="no" explicit="no" inline="yes" virt="non-virtual">
        <type>void</type>
        <definition>static void RegrasNegocio.CondominioRegras.ValidarCondominio</definition>
        <argsstring>(Condominio condominio)</argsstring>
        <name>ValidarCondominio</name>
        <qualifiedname>RegrasNegocio.CondominioRegras.ValidarCondominio</qualifiedname>
        <param>
          <type><ref refid="class_objetos_negocio_1_1_condominio" kindref="compound">Condominio</ref></type>
          <declname>condominio</declname>
        </param>
        <briefdescription>
        </briefdescription>
        <detaileddescription>
        </detaileddescription>
        <inbodydescription>
        </inbodydescription>
        <location file="C:/Users/plmrj/Desktop/POO_T1_Código/TP_GCondominios/RegrasNegocio/Regras.cs" line="23" column="28" bodyfile="C:/Users/plmrj/Desktop/POO_T1_Código/TP_GCondominios/RegrasNegocio/Regras.cs" bodystart="23" bodyend="59"/>
      </memberdef>
    </sectiondef>
    <briefdescription>
    </briefdescription>
    <detaileddescription>
    </detaileddescription>
    <location file="C:/Users/plmrj/Desktop/POO_T1_Código/TP_GCondominios/RegrasNegocio/Regras.cs" line="21" column="19" bodyfile="C:/Users/plmrj/Desktop/POO_T1_Código/TP_GCondominios/RegrasNegocio/Regras.cs" bodystart="22" bodyend="60"/>
    <listofallmembers>
      <member refid="class_regras_negocio_1_1_condominio_regras_1a3600765c8e9a5efb9a61d5be63be66c3" prot="public" virt="non-virtual"><scope>RegrasNegocio::CondominioRegras</scope><name>ValidarCondominio</name></member>
    </listofallmembers>
  </compounddef>
</doxygen>
