<?xml version='1.0' encoding='UTF-8' standalone='no'?>
<doxygen xmlns:xsi="http://www.w3.org/2001/XMLSchema-instance" xsi:noNamespaceSchemaLocation="compound.xsd" version="1.9.8" xml:lang="en-US">
  <compounddef id="class_regras_negocio_1_1_proprietario_regras" kind="class" language="C#" prot="public">
    <compoundname>RegrasNegocio::ProprietarioRegras</compoundname>
    <sectiondef kind="public-static-func">
      <memberdef kind="function" id="class_regras_negocio_1_1_proprietario_regras_1a83b0a9fdc4d7e259601f5f02a27d7738" prot="public" static="yes" const="no" explicit="no" inline="yes" virt="non-virtual">
        <type>void</type>
        <definition>static void RegrasNegocio.ProprietarioRegras.ValidarProprietario</definition>
        <argsstring>(Proprietario proprietario)</argsstring>
        <name>ValidarProprietario</name>
        <qualifiedname>RegrasNegocio.ProprietarioRegras.ValidarProprietario</qualifiedname>
        <param>
          <type><ref refid="class_objetos_negocio_1_1_proprietario" kindref="compound">Proprietario</ref></type>
          <declname>proprietario</declname>
        </param>
        <briefdescription>
        </briefdescription>
        <detaileddescription>
        </detaileddescription>
        <inbodydescription>
        </inbodydescription>
        <location file="C:/Users/plmrj/Desktop/POO_T1_Código/TP_GCondominios/RegrasNegocio/Regras.cs" line="111" column="28" bodyfile="C:/Users/plmrj/Desktop/POO_T1_Código/TP_GCondominios/RegrasNegocio/Regras.cs" bodystart="111" bodyend="132"/>
      </memberdef>
    </sectiondef>
    <briefdescription>
    </briefdescription>
    <detaileddescription>
    </detaileddescription>
    <location file="C:/Users/plmrj/Desktop/POO_T1_Código/TP_GCondominios/RegrasNegocio/Regras.cs" line="109" column="19" bodyfile="C:/Users/plmrj/Desktop/POO_T1_Código/TP_GCondominios/RegrasNegocio/Regras.cs" bodystart="110" bodyend="133"/>
    <listofallmembers>
      <member refid="class_regras_negocio_1_1_proprietario_regras_1a83b0a9fdc4d7e259601f5f02a27d7738" prot="public" virt="non-virtual"><scope>RegrasNegocio::ProprietarioRegras</scope><name>ValidarProprietario</name></member>
    </listofallmembers>
  </compounddef>
</doxygen>
