<?xml version='1.0' encoding='UTF-8' standalone='no'?>
<doxygen xmlns:xsi="http://www.w3.org/2001/XMLSchema-instance" xsi:noNamespaceSchemaLocation="compound.xsd" version="1.9.8" xml:lang="en-US">
  <compounddef id="class_dados_1_1_documentos" kind="class" language="C#" prot="public">
    <compoundname>Dados::Documentos</compoundname>
    <sectiondef kind="private-attrib">
      <memberdef kind="variable" id="class_dados_1_1_documentos_1a1aef825d28f740688ddded7180ea07e0" prot="private" static="no" mutable="no">
        <type>List&lt; <ref refid="class_objetos_negocio_1_1_documento" kindref="compound">Documento</ref> &gt;</type>
        <definition>List&lt;Documento&gt; Dados.Documentos.listaDocumentos</definition>
        <argsstring></argsstring>
        <name>listaDocumentos</name>
        <qualifiedname>Dados.Documentos.listaDocumentos</qualifiedname>
        <briefdescription>
        </briefdescription>
        <detaileddescription>
        </detaileddescription>
        <inbodydescription>
        </inbodydescription>
        <location file="C:/Users/plmrj/Desktop/POO_T1_Código/TP_GCondominios/Dados/Documentos.cs" line="27" column="22" bodyfile="C:/Users/plmrj/Desktop/POO_T1_Código/TP_GCondominios/Dados/Documentos.cs" bodystart="27" bodyend="-1"/>
      </memberdef>
    </sectiondef>
    <sectiondef kind="public-func">
      <memberdef kind="function" id="class_dados_1_1_documentos_1ad6248c87208a575dac3cbb61797486f0" prot="public" static="no" const="no" explicit="no" inline="yes" virt="non-virtual">
        <type></type>
        <definition>Dados.Documentos.Documentos</definition>
        <argsstring>()</argsstring>
        <name>Documentos</name>
        <qualifiedname>Dados.Documentos.Documentos</qualifiedname>
        <briefdescription>
<para>Inicializa uma nova instância da classe Documentos. </para>
        </briefdescription>
        <detaileddescription>
        </detaileddescription>
        <inbodydescription>
        </inbodydescription>
        <location file="C:/Users/plmrj/Desktop/POO_T1_Código/TP_GCondominios/Dados/Documentos.cs" line="38" column="16" bodyfile="C:/Users/plmrj/Desktop/POO_T1_Código/TP_GCondominios/Dados/Documentos.cs" bodystart="38" bodyend="41"/>
      </memberdef>
      <memberdef kind="function" id="class_dados_1_1_documentos_1adec6adc6e7c017197c7ca0476349c9c0" prot="public" static="no" const="no" explicit="no" inline="yes" virt="non-virtual">
        <type>void</type>
        <definition>void Dados.Documentos.AdicionarDocumento</definition>
        <argsstring>(Documento documento, bool lancaExcecao=false)</argsstring>
        <name>AdicionarDocumento</name>
        <qualifiedname>Dados.Documentos.AdicionarDocumento</qualifiedname>
        <param>
          <type><ref refid="class_objetos_negocio_1_1_documento" kindref="compound">Documento</ref></type>
          <declname>documento</declname>
        </param>
        <param>
          <type>bool</type>
          <declname>lancaExcecao</declname>
          <defval>false</defval>
        </param>
        <briefdescription>
<para>Adiciona um novo documento à lista. </para>
        </briefdescription>
        <detaileddescription>
<para><parameterlist kind="param"><parameteritem>
<parameternamelist>
<parametername>documento</parametername>
</parameternamelist>
<parameterdescription>
<para>O documento a ser adicionado.</para>
</parameterdescription>
</parameteritem>
<parameteritem>
<parameternamelist>
<parametername>lancaExcecao</parametername>
</parameternamelist>
<parameterdescription>
<para>Indica se deve lançar uma exceção em caso de documento duplicado.</para>
</parameterdescription>
</parameteritem>
</parameterlist>
<parameterlist kind="exception"><parameteritem>
<parameternamelist>
<parametername>DocumentoException.DocumentoDuplicadoException</parametername>
</parameternamelist>
<parameterdescription>
<para>Lançada em caso de documento duplicado.</para>
</parameterdescription>
</parameteritem>
</parameterlist>
</para>
        </detaileddescription>
        <inbodydescription>
        </inbodydescription>
        <location file="C:/Users/plmrj/Desktop/POO_T1_Código/TP_GCondominios/Dados/Documentos.cs" line="56" column="21" bodyfile="C:/Users/plmrj/Desktop/POO_T1_Código/TP_GCondominios/Dados/Documentos.cs" bodystart="56" bodyend="70"/>
      </memberdef>
      <memberdef kind="function" id="class_dados_1_1_documentos_1ac584f2add07b2f5872c06c07b305e376" prot="public" static="no" const="no" explicit="no" inline="yes" virt="non-virtual">
        <type>List&lt; <ref refid="class_objetos_negocio_1_1_documento" kindref="compound">Documento</ref> &gt;</type>
        <definition>List&lt; Documento &gt; Dados.Documentos.ObterDocumentos</definition>
        <argsstring>()</argsstring>
        <name>ObterDocumentos</name>
        <qualifiedname>Dados.Documentos.ObterDocumentos</qualifiedname>
        <briefdescription>
<para>Obtém a lista de todos os documentos. </para>
        </briefdescription>
        <detaileddescription>
<para><simplesect kind="return"><para>A lista de documentos.</para>
</simplesect>
</para>
        </detaileddescription>
        <inbodydescription>
        </inbodydescription>
        <location file="C:/Users/plmrj/Desktop/POO_T1_Código/TP_GCondominios/Dados/Documentos.cs" line="76" column="21" bodyfile="C:/Users/plmrj/Desktop/POO_T1_Código/TP_GCondominios/Dados/Documentos.cs" bodystart="76" bodyend="79"/>
      </memberdef>
      <memberdef kind="function" id="class_dados_1_1_documentos_1aee9dbd05b5cab867a744e999dfeee136" prot="public" static="no" const="no" explicit="no" inline="yes" virt="non-virtual">
        <type><ref refid="class_objetos_negocio_1_1_documento" kindref="compound">Documento</ref>?</type>
        <definition>Documento? Dados.Documentos.ObterDocumentoPorTipoENome</definition>
        <argsstring>(string tipo, string nome)</argsstring>
        <name>ObterDocumentoPorTipoENome</name>
        <qualifiedname>Dados.Documentos.ObterDocumentoPorTipoENome</qualifiedname>
        <param>
          <type>string</type>
          <declname>tipo</declname>
        </param>
        <param>
          <type>string</type>
          <declname>nome</declname>
        </param>
        <briefdescription>
<para>Obtém um documento com base no tipo e nome. </para>
        </briefdescription>
        <detaileddescription>
<para><parameterlist kind="param"><parameteritem>
<parameternamelist>
<parametername>tipo</parametername>
</parameternamelist>
<parameterdescription>
<para>O tipo do documento.</para>
</parameterdescription>
</parameteritem>
<parameteritem>
<parameternamelist>
<parametername>nome</parametername>
</parameternamelist>
<parameterdescription>
<para>O nome do documento.</para>
</parameterdescription>
</parameteritem>
</parameterlist>
<simplesect kind="return"><para>O documento correspondente ou null se não encontrado.</para>
</simplesect>
</para>
        </detaileddescription>
        <inbodydescription>
        </inbodydescription>
        <location file="C:/Users/plmrj/Desktop/POO_T1_Código/TP_GCondominios/Dados/Documentos.cs" line="87" column="26" bodyfile="C:/Users/plmrj/Desktop/POO_T1_Código/TP_GCondominios/Dados/Documentos.cs" bodystart="87" bodyend="90"/>
      </memberdef>
      <memberdef kind="function" id="class_dados_1_1_documentos_1ae739905c7484c04852ebb89639b05c19" prot="public" static="no" const="no" explicit="no" inline="yes" virt="non-virtual">
        <type>void</type>
        <definition>void Dados.Documentos.GravarDocumentos</definition>
        <argsstring>(string caminhoArquivo)</argsstring>
        <name>GravarDocumentos</name>
        <qualifiedname>Dados.Documentos.GravarDocumentos</qualifiedname>
        <param>
          <type>string</type>
          <declname>caminhoArquivo</declname>
        </param>
        <briefdescription>
<para>Grava a lista de documentos em um arquivo usando serialização JSON. </para>
        </briefdescription>
        <detaileddescription>
<para><parameterlist kind="param"><parameteritem>
<parameternamelist>
<parametername>caminhoArquivo</parametername>
</parameternamelist>
<parameterdescription>
<para>O caminho do arquivo para gravar.</para>
</parameterdescription>
</parameteritem>
</parameterlist>
<parameterlist kind="exception"><parameteritem>
<parameternamelist>
<parametername>DocumentoException.GravarDocumentosException</parametername>
</parameternamelist>
<parameterdescription>
<para>Lançada em caso de erro ao gravar os documentos.</para>
</parameterdescription>
</parameteritem>
</parameterlist>
</para>
        </detaileddescription>
        <inbodydescription>
        </inbodydescription>
        <location file="C:/Users/plmrj/Desktop/POO_T1_Código/TP_GCondominios/Dados/Documentos.cs" line="97" column="21" bodyfile="C:/Users/plmrj/Desktop/POO_T1_Código/TP_GCondominios/Dados/Documentos.cs" bodystart="97" bodyend="108"/>
      </memberdef>
      <memberdef kind="function" id="class_dados_1_1_documentos_1a7806b488ebe05c633ae96df8b4c1aeab" prot="public" static="no" const="no" explicit="no" inline="yes" virt="non-virtual">
        <type>void</type>
        <definition>void Dados.Documentos.CarregarDocumentos</definition>
        <argsstring>(string caminhoArquivo)</argsstring>
        <name>CarregarDocumentos</name>
        <qualifiedname>Dados.Documentos.CarregarDocumentos</qualifiedname>
        <param>
          <type>string</type>
          <declname>caminhoArquivo</declname>
        </param>
        <briefdescription>
<para>Carrega a lista de documentos a partir de um arquivo usando desserialização JSON. </para>
        </briefdescription>
        <detaileddescription>
<para><parameterlist kind="param"><parameteritem>
<parameternamelist>
<parametername>caminhoArquivo</parametername>
</parameternamelist>
<parameterdescription>
<para>O caminho do arquivo para carregar.</para>
</parameterdescription>
</parameteritem>
</parameterlist>
<parameterlist kind="exception"><parameteritem>
<parameternamelist>
<parametername>DocumentoException.CarregarDocumentosException</parametername>
</parameternamelist>
<parameterdescription>
<para>Lançada em caso de erro ao carregar os documentos.</para>
</parameterdescription>
</parameteritem>
</parameterlist>
</para>
        </detaileddescription>
        <inbodydescription>
        </inbodydescription>
        <location file="C:/Users/plmrj/Desktop/POO_T1_Código/TP_GCondominios/Dados/Documentos.cs" line="115" column="21" bodyfile="C:/Users/plmrj/Desktop/POO_T1_Código/TP_GCondominios/Dados/Documentos.cs" bodystart="115" bodyend="126"/>
      </memberdef>
    </sectiondef>
    <briefdescription>
<para>Classe responsável por armazenar e gerenciar informações sobre documentos. </para>
    </briefdescription>
    <detaileddescription>
    </detaileddescription>
    <location file="C:/Users/plmrj/Desktop/POO_T1_Código/TP_GCondominios/Dados/Documentos.cs" line="22" column="11" bodyfile="C:/Users/plmrj/Desktop/POO_T1_Código/TP_GCondominios/Dados/Documentos.cs" bodystart="23" bodyend="131"/>
    <listofallmembers>
      <member refid="class_dados_1_1_documentos_1adec6adc6e7c017197c7ca0476349c9c0" prot="public" virt="non-virtual"><scope>Dados::Documentos</scope><name>AdicionarDocumento</name></member>
      <member refid="class_dados_1_1_documentos_1a7806b488ebe05c633ae96df8b4c1aeab" prot="public" virt="non-virtual"><scope>Dados::Documentos</scope><name>CarregarDocumentos</name></member>
      <member refid="class_dados_1_1_documentos_1ad6248c87208a575dac3cbb61797486f0" prot="public" virt="non-virtual"><scope>Dados::Documentos</scope><name>Documentos</name></member>
      <member refid="class_dados_1_1_documentos_1ae739905c7484c04852ebb89639b05c19" prot="public" virt="non-virtual"><scope>Dados::Documentos</scope><name>GravarDocumentos</name></member>
      <member refid="class_dados_1_1_documentos_1a1aef825d28f740688ddded7180ea07e0" prot="private" virt="non-virtual"><scope>Dados::Documentos</scope><name>listaDocumentos</name></member>
      <member refid="class_dados_1_1_documentos_1aee9dbd05b5cab867a744e999dfeee136" prot="public" virt="non-virtual"><scope>Dados::Documentos</scope><name>ObterDocumentoPorTipoENome</name></member>
      <member refid="class_dados_1_1_documentos_1ac584f2add07b2f5872c06c07b305e376" prot="public" virt="non-virtual"><scope>Dados::Documentos</scope><name>ObterDocumentos</name></member>
    </listofallmembers>
  </compounddef>
</doxygen>
