<?xml version='1.0' encoding='UTF-8' standalone='no'?>
<doxygen xmlns:xsi="http://www.w3.org/2001/XMLSchema-instance" xsi:noNamespaceSchemaLocation="compound.xsd" version="1.9.8" xml:lang="en-US">
  <compounddef id="class_objetos_negocio_1_1_proprietario" kind="class" language="C#" prot="public">
    <compoundname>ObjetosNegocio::Proprietario</compoundname>
    <sectiondef kind="private-attrib">
      <memberdef kind="variable" id="class_objetos_negocio_1_1_proprietario_1a1b3b92fab39ba24828b2a4c880313f9e" prot="private" static="no" mutable="no">
        <type>string</type>
        <definition>string ObjetosNegocio.Proprietario.nome</definition>
        <argsstring></argsstring>
        <name>nome</name>
        <qualifiedname>ObjetosNegocio.Proprietario.nome</qualifiedname>
        <initializer>= null!</initializer>
        <briefdescription>
        </briefdescription>
        <detaileddescription>
        </detaileddescription>
        <inbodydescription>
        </inbodydescription>
        <location file="C:/Users/plmrj/Desktop/POO_T1_Código/TP_GCondominios/ObjetosNegocio/Proprietario.cs" line="25" column="24" bodyfile="C:/Users/plmrj/Desktop/POO_T1_Código/TP_GCondominios/ObjetosNegocio/Proprietario.cs" bodystart="25" bodyend="-1"/>
      </memberdef>
      <memberdef kind="variable" id="class_objetos_negocio_1_1_proprietario_1aa48cdbb29d92515ca38994365e81fbd6" prot="private" static="no" mutable="no">
        <type>string</type>
        <definition>string ObjetosNegocio.Proprietario.contato</definition>
        <argsstring></argsstring>
        <name>contato</name>
        <qualifiedname>ObjetosNegocio.Proprietario.contato</qualifiedname>
        <initializer>= null!</initializer>
        <briefdescription>
        </briefdescription>
        <detaileddescription>
        </detaileddescription>
        <inbodydescription>
        </inbodydescription>
        <location file="C:/Users/plmrj/Desktop/POO_T1_Código/TP_GCondominios/ObjetosNegocio/Proprietario.cs" line="28" column="24" bodyfile="C:/Users/plmrj/Desktop/POO_T1_Código/TP_GCondominios/ObjetosNegocio/Proprietario.cs" bodystart="28" bodyend="-1"/>
      </memberdef>
      <memberdef kind="variable" id="class_objetos_negocio_1_1_proprietario_1a0494ce5818c940796cbea3c5e057e664" prot="private" static="no" mutable="no">
        <type>string</type>
        <definition>string ObjetosNegocio.Proprietario.imovel</definition>
        <argsstring></argsstring>
        <name>imovel</name>
        <qualifiedname>ObjetosNegocio.Proprietario.imovel</qualifiedname>
        <initializer>= null!</initializer>
        <briefdescription>
        </briefdescription>
        <detaileddescription>
        </detaileddescription>
        <inbodydescription>
        </inbodydescription>
        <location file="C:/Users/plmrj/Desktop/POO_T1_Código/TP_GCondominios/ObjetosNegocio/Proprietario.cs" line="31" column="24" bodyfile="C:/Users/plmrj/Desktop/POO_T1_Código/TP_GCondominios/ObjetosNegocio/Proprietario.cs" bodystart="31" bodyend="-1"/>
      </memberdef>
      <memberdef kind="variable" id="class_objetos_negocio_1_1_proprietario_1a6a88da7ba172a8ff77923b2a3b975806" prot="private" static="no" mutable="no">
        <type>string</type>
        <definition>string ObjetosNegocio.Proprietario.nif</definition>
        <argsstring></argsstring>
        <name>nif</name>
        <qualifiedname>ObjetosNegocio.Proprietario.nif</qualifiedname>
        <initializer>= null!</initializer>
        <briefdescription>
        </briefdescription>
        <detaileddescription>
        </detaileddescription>
        <inbodydescription>
        </inbodydescription>
        <location file="C:/Users/plmrj/Desktop/POO_T1_Código/TP_GCondominios/ObjetosNegocio/Proprietario.cs" line="34" column="24" bodyfile="C:/Users/plmrj/Desktop/POO_T1_Código/TP_GCondominios/ObjetosNegocio/Proprietario.cs" bodystart="34" bodyend="-1"/>
      </memberdef>
      <memberdef kind="variable" id="class_objetos_negocio_1_1_proprietario_1a5cc9d2c5016c8bf9d765028e2696f620" prot="private" static="no" mutable="no">
        <type>List&lt; string &gt;</type>
        <definition>List&lt;string&gt; ObjetosNegocio.Proprietario.historicoPagamentos</definition>
        <argsstring></argsstring>
        <name>historicoPagamentos</name>
        <qualifiedname>ObjetosNegocio.Proprietario.historicoPagamentos</qualifiedname>
        <initializer>= null!</initializer>
        <briefdescription>
        </briefdescription>
        <detaileddescription>
        </detaileddescription>
        <inbodydescription>
        </inbodydescription>
        <location file="C:/Users/plmrj/Desktop/POO_T1_Código/TP_GCondominios/ObjetosNegocio/Proprietario.cs" line="37" column="22" bodyfile="C:/Users/plmrj/Desktop/POO_T1_Código/TP_GCondominios/ObjetosNegocio/Proprietario.cs" bodystart="37" bodyend="-1"/>
      </memberdef>
      <memberdef kind="variable" id="class_objetos_negocio_1_1_proprietario_1a0d2fe06082da4d6112924b5227eb0335" prot="private" static="no" mutable="no">
        <type>List&lt; string &gt;</type>
        <definition>List&lt;string&gt; ObjetosNegocio.Proprietario.presencasReunioes</definition>
        <argsstring></argsstring>
        <name>presencasReunioes</name>
        <qualifiedname>ObjetosNegocio.Proprietario.presencasReunioes</qualifiedname>
        <initializer>= null!</initializer>
        <briefdescription>
        </briefdescription>
        <detaileddescription>
        </detaileddescription>
        <inbodydescription>
        </inbodydescription>
        <location file="C:/Users/plmrj/Desktop/POO_T1_Código/TP_GCondominios/ObjetosNegocio/Proprietario.cs" line="40" column="22" bodyfile="C:/Users/plmrj/Desktop/POO_T1_Código/TP_GCondominios/ObjetosNegocio/Proprietario.cs" bodystart="40" bodyend="-1"/>
      </memberdef>
    </sectiondef>
    <sectiondef kind="property">
      <memberdef kind="property" id="class_objetos_negocio_1_1_proprietario_1a9cdd60cad5f7c6ad5713848d9e3de33c" prot="public" static="no" readable="no" writable="no" gettable="yes" privategettable="no" protectedgettable="no" settable="yes" privatesettable="no" protectedsettable="no">
        <type>string</type>
        <definition>string ObjetosNegocio.Proprietario.Nome</definition>
        <argsstring></argsstring>
        <name>Nome</name>
        <qualifiedname>ObjetosNegocio.Proprietario.Nome</qualifiedname>
        <briefdescription>
<para>Obtém ou define o nome do proprietário. </para>
        </briefdescription>
        <detaileddescription>
        </detaileddescription>
        <inbodydescription>
        </inbodydescription>
        <location file="C:/Users/plmrj/Desktop/POO_T1_Código/TP_GCondominios/ObjetosNegocio/Proprietario.cs" line="72" column="23" bodyfile="C:/Users/plmrj/Desktop/POO_T1_Código/TP_GCondominios/ObjetosNegocio/Proprietario.cs" bodystart="73" bodyend="76"/>
      </memberdef>
      <memberdef kind="property" id="class_objetos_negocio_1_1_proprietario_1ae1c90f2465373f249b8d869be4b41328" prot="public" static="no" readable="no" writable="no" gettable="yes" privategettable="no" protectedgettable="no" settable="yes" privatesettable="no" protectedsettable="no">
        <type>string</type>
        <definition>string ObjetosNegocio.Proprietario.Contato</definition>
        <argsstring></argsstring>
        <name>Contato</name>
        <qualifiedname>ObjetosNegocio.Proprietario.Contato</qualifiedname>
        <briefdescription>
<para>Obtém ou define o contato do proprietário. </para>
        </briefdescription>
        <detaileddescription>
        </detaileddescription>
        <inbodydescription>
        </inbodydescription>
        <location file="C:/Users/plmrj/Desktop/POO_T1_Código/TP_GCondominios/ObjetosNegocio/Proprietario.cs" line="81" column="23" bodyfile="C:/Users/plmrj/Desktop/POO_T1_Código/TP_GCondominios/ObjetosNegocio/Proprietario.cs" bodystart="82" bodyend="85"/>
      </memberdef>
      <memberdef kind="property" id="class_objetos_negocio_1_1_proprietario_1ac9544590fcef0a4525d63e7eb391207d" prot="public" static="no" readable="no" writable="no" gettable="yes" privategettable="no" protectedgettable="no" settable="yes" privatesettable="no" protectedsettable="no">
        <type>string</type>
        <definition>string ObjetosNegocio.Proprietario.Imovel</definition>
        <argsstring></argsstring>
        <name>Imovel</name>
        <qualifiedname>ObjetosNegocio.Proprietario.Imovel</qualifiedname>
        <briefdescription>
<para>Obtém ou define o imóvel associado ao proprietário. </para>
        </briefdescription>
        <detaileddescription>
        </detaileddescription>
        <inbodydescription>
        </inbodydescription>
        <location file="C:/Users/plmrj/Desktop/POO_T1_Código/TP_GCondominios/ObjetosNegocio/Proprietario.cs" line="90" column="23" bodyfile="C:/Users/plmrj/Desktop/POO_T1_Código/TP_GCondominios/ObjetosNegocio/Proprietario.cs" bodystart="91" bodyend="94"/>
      </memberdef>
      <memberdef kind="property" id="class_objetos_negocio_1_1_proprietario_1ae1aa93291307993d89679afc0c7904d9" prot="public" static="no" readable="no" writable="no" gettable="yes" privategettable="no" protectedgettable="no" settable="yes" privatesettable="no" protectedsettable="no">
        <type>string</type>
        <definition>string ObjetosNegocio.Proprietario.Nif</definition>
        <argsstring></argsstring>
        <name>Nif</name>
        <qualifiedname>ObjetosNegocio.Proprietario.Nif</qualifiedname>
        <briefdescription>
<para>Obtém ou define o NIF (Número de Identificação Fiscal) do proprietário. </para>
        </briefdescription>
        <detaileddescription>
        </detaileddescription>
        <inbodydescription>
        </inbodydescription>
        <location file="C:/Users/plmrj/Desktop/POO_T1_Código/TP_GCondominios/ObjetosNegocio/Proprietario.cs" line="99" column="23" bodyfile="C:/Users/plmrj/Desktop/POO_T1_Código/TP_GCondominios/ObjetosNegocio/Proprietario.cs" bodystart="100" bodyend="103"/>
      </memberdef>
      <memberdef kind="property" id="class_objetos_negocio_1_1_proprietario_1ad1d23c33603b9f669a32a4e3d2796646" prot="public" static="no" readable="no" writable="no" gettable="yes" privategettable="no" protectedgettable="no" settable="no" privatesettable="yes" protectedsettable="no">
        <type>List&lt; string &gt;</type>
        <definition>List&lt;string&gt; ObjetosNegocio.Proprietario.HistoricoPagamentos</definition>
        <argsstring></argsstring>
        <name>HistoricoPagamentos</name>
        <qualifiedname>ObjetosNegocio.Proprietario.HistoricoPagamentos</qualifiedname>
        <briefdescription>
<para>Obtém a lista de histórico de pagamentos do proprietário. </para>
        </briefdescription>
        <detaileddescription>
        </detaileddescription>
        <inbodydescription>
        </inbodydescription>
        <location file="C:/Users/plmrj/Desktop/POO_T1_Código/TP_GCondominios/ObjetosNegocio/Proprietario.cs" line="108" column="21" bodyfile="C:/Users/plmrj/Desktop/POO_T1_Código/TP_GCondominios/ObjetosNegocio/Proprietario.cs" bodystart="109" bodyend="112"/>
      </memberdef>
      <memberdef kind="property" id="class_objetos_negocio_1_1_proprietario_1a190fc489825b2ef35edf2cdc4d89e700" prot="public" static="no" readable="no" writable="no" gettable="yes" privategettable="no" protectedgettable="no" settable="no" privatesettable="yes" protectedsettable="no">
        <type>List&lt; string &gt;</type>
        <definition>List&lt;string&gt; ObjetosNegocio.Proprietario.PresencasReunioes</definition>
        <argsstring></argsstring>
        <name>PresencasReunioes</name>
        <qualifiedname>ObjetosNegocio.Proprietario.PresencasReunioes</qualifiedname>
        <briefdescription>
<para>Obtém a lista de presenças em reuniões do proprietário. </para>
        </briefdescription>
        <detaileddescription>
        </detaileddescription>
        <inbodydescription>
        </inbodydescription>
        <location file="C:/Users/plmrj/Desktop/POO_T1_Código/TP_GCondominios/ObjetosNegocio/Proprietario.cs" line="117" column="21" bodyfile="C:/Users/plmrj/Desktop/POO_T1_Código/TP_GCondominios/ObjetosNegocio/Proprietario.cs" bodystart="118" bodyend="121"/>
      </memberdef>
    </sectiondef>
    <sectiondef kind="public-func">
      <memberdef kind="function" id="class_objetos_negocio_1_1_proprietario_1ae7d00117733491f5d2fde58c10c28a8b" prot="public" static="no" const="no" explicit="no" inline="yes" virt="non-virtual">
        <type></type>
        <definition>ObjetosNegocio.Proprietario.Proprietario</definition>
        <argsstring>(string nome, string contato, string imovel, string nif)</argsstring>
        <name>Proprietario</name>
        <qualifiedname>ObjetosNegocio.Proprietario.Proprietario</qualifiedname>
        <param>
          <type>string</type>
          <declname>nome</declname>
        </param>
        <param>
          <type>string</type>
          <declname>contato</declname>
        </param>
        <param>
          <type>string</type>
          <declname>imovel</declname>
        </param>
        <param>
          <type>string</type>
          <declname>nif</declname>
        </param>
        <briefdescription>
<para>Construtor predefinido para a classe Proprietario. </para>
        </briefdescription>
        <detaileddescription>
<para><parameterlist kind="param"><parameteritem>
<parameternamelist>
<parametername>nome</parametername>
</parameternamelist>
<parameterdescription>
<para>O nome do proprietário.</para>
</parameterdescription>
</parameteritem>
<parameteritem>
<parameternamelist>
<parametername>contato</parametername>
</parameternamelist>
<parameterdescription>
<para>O contato do proprietário.</para>
</parameterdescription>
</parameteritem>
<parameteritem>
<parameternamelist>
<parametername>imovel</parametername>
</parameternamelist>
<parameterdescription>
<para>O imóvel associado ao proprietário.</para>
</parameterdescription>
</parameteritem>
<parameteritem>
<parameternamelist>
<parametername>nif</parametername>
</parameternamelist>
<parameterdescription>
<para>O NIF do proprietário.</para>
</parameterdescription>
</parameteritem>
</parameterlist>
</para>
        </detaileddescription>
        <inbodydescription>
        </inbodydescription>
        <location file="C:/Users/plmrj/Desktop/POO_T1_Código/TP_GCondominios/ObjetosNegocio/Proprietario.cs" line="55" column="16" bodyfile="C:/Users/plmrj/Desktop/POO_T1_Código/TP_GCondominios/ObjetosNegocio/Proprietario.cs" bodystart="55" bodyend="63"/>
      </memberdef>
      <memberdef kind="function" id="class_objetos_negocio_1_1_proprietario_1a6777a698dda37a0e0ed2f9b9cac23edc" prot="public" static="no" const="no" explicit="no" inline="yes" virt="non-virtual">
        <type>void</type>
        <definition>void ObjetosNegocio.Proprietario.RealizarPagamento</definition>
        <argsstring>(decimal valor)</argsstring>
        <name>RealizarPagamento</name>
        <qualifiedname>ObjetosNegocio.Proprietario.RealizarPagamento</qualifiedname>
        <param>
          <type>decimal</type>
          <declname>valor</declname>
        </param>
        <briefdescription>
<para>Realiza o pagamento do proprietário com o valor especificado. </para>
        </briefdescription>
        <detaileddescription>
<para><parameterlist kind="param"><parameteritem>
<parameternamelist>
<parametername>valor</parametername>
</parameternamelist>
<parameterdescription>
<para>O valor a ser pago.</para>
</parameterdescription>
</parameteritem>
</parameterlist>
</para>
        </detaileddescription>
        <inbodydescription>
        </inbodydescription>
        <location file="C:/Users/plmrj/Desktop/POO_T1_Código/TP_GCondominios/ObjetosNegocio/Proprietario.cs" line="134" column="21" bodyfile="C:/Users/plmrj/Desktop/POO_T1_Código/TP_GCondominios/ObjetosNegocio/Proprietario.cs" bodystart="134" bodyend="137"/>
      </memberdef>
      <memberdef kind="function" id="class_objetos_negocio_1_1_proprietario_1aa7b3795199735c239e444ce97a2172b9" prot="public" static="no" const="no" explicit="no" inline="yes" virt="non-virtual">
        <type>List&lt; string &gt;</type>
        <definition>List&lt; string &gt; ObjetosNegocio.Proprietario.VisualizarHistorico</definition>
        <argsstring>()</argsstring>
        <name>VisualizarHistorico</name>
        <qualifiedname>ObjetosNegocio.Proprietario.VisualizarHistorico</qualifiedname>
        <briefdescription>
<para>Visualiza o histórico de pagamentos do proprietário. </para>
        </briefdescription>
        <detaileddescription>
        </detaileddescription>
        <inbodydescription>
        </inbodydescription>
        <location file="C:/Users/plmrj/Desktop/POO_T1_Código/TP_GCondominios/ObjetosNegocio/Proprietario.cs" line="142" column="21" bodyfile="C:/Users/plmrj/Desktop/POO_T1_Código/TP_GCondominios/ObjetosNegocio/Proprietario.cs" bodystart="142" bodyend="145"/>
      </memberdef>
      <memberdef kind="function" id="class_objetos_negocio_1_1_proprietario_1ae97a3f031b1e6b6392722b1b3f9c75f5" prot="public" static="no" const="no" explicit="no" inline="yes" virt="non-virtual">
        <type>string</type>
        <definition>string ObjetosNegocio.Proprietario.PresenciarReuniao</definition>
        <argsstring>()</argsstring>
        <name>PresenciarReuniao</name>
        <qualifiedname>ObjetosNegocio.Proprietario.PresenciarReuniao</qualifiedname>
        <briefdescription>
<para>Registra a presença do proprietário em uma reunião. </para>
        </briefdescription>
        <detaileddescription>
        </detaileddescription>
        <inbodydescription>
        </inbodydescription>
        <location file="C:/Users/plmrj/Desktop/POO_T1_Código/TP_GCondominios/ObjetosNegocio/Proprietario.cs" line="150" column="23" bodyfile="C:/Users/plmrj/Desktop/POO_T1_Código/TP_GCondominios/ObjetosNegocio/Proprietario.cs" bodystart="150" bodyend="155"/>
      </memberdef>
    </sectiondef>
    <briefdescription>
<para>Representa um proprietário no contexto do sistema. </para>
    </briefdescription>
    <detaileddescription>
    </detaileddescription>
    <location file="C:/Users/plmrj/Desktop/POO_T1_Código/TP_GCondominios/ObjetosNegocio/Proprietario.cs" line="20" column="11" bodyfile="C:/Users/plmrj/Desktop/POO_T1_Código/TP_GCondominios/ObjetosNegocio/Proprietario.cs" bodystart="21" bodyend="163"/>
    <listofallmembers>
      <member refid="class_objetos_negocio_1_1_proprietario_1aa48cdbb29d92515ca38994365e81fbd6" prot="private" virt="non-virtual"><scope>ObjetosNegocio::Proprietario</scope><name>contato</name></member>
      <member refid="class_objetos_negocio_1_1_proprietario_1ae1c90f2465373f249b8d869be4b41328" prot="public" virt="non-virtual"><scope>ObjetosNegocio::Proprietario</scope><name>Contato</name></member>
      <member refid="class_objetos_negocio_1_1_proprietario_1a5cc9d2c5016c8bf9d765028e2696f620" prot="private" virt="non-virtual"><scope>ObjetosNegocio::Proprietario</scope><name>historicoPagamentos</name></member>
      <member refid="class_objetos_negocio_1_1_proprietario_1ad1d23c33603b9f669a32a4e3d2796646" prot="public" virt="non-virtual"><scope>ObjetosNegocio::Proprietario</scope><name>HistoricoPagamentos</name></member>
      <member refid="class_objetos_negocio_1_1_proprietario_1a0494ce5818c940796cbea3c5e057e664" prot="private" virt="non-virtual"><scope>ObjetosNegocio::Proprietario</scope><name>imovel</name></member>
      <member refid="class_objetos_negocio_1_1_proprietario_1ac9544590fcef0a4525d63e7eb391207d" prot="public" virt="non-virtual"><scope>ObjetosNegocio::Proprietario</scope><name>Imovel</name></member>
      <member refid="class_objetos_negocio_1_1_proprietario_1a6a88da7ba172a8ff77923b2a3b975806" prot="private" virt="non-virtual"><scope>ObjetosNegocio::Proprietario</scope><name>nif</name></member>
      <member refid="class_objetos_negocio_1_1_proprietario_1ae1aa93291307993d89679afc0c7904d9" prot="public" virt="non-virtual"><scope>ObjetosNegocio::Proprietario</scope><name>Nif</name></member>
      <member refid="class_objetos_negocio_1_1_proprietario_1a1b3b92fab39ba24828b2a4c880313f9e" prot="private" virt="non-virtual"><scope>ObjetosNegocio::Proprietario</scope><name>nome</name></member>
      <member refid="class_objetos_negocio_1_1_proprietario_1a9cdd60cad5f7c6ad5713848d9e3de33c" prot="public" virt="non-virtual"><scope>ObjetosNegocio::Proprietario</scope><name>Nome</name></member>
      <member refid="class_objetos_negocio_1_1_proprietario_1a0d2fe06082da4d6112924b5227eb0335" prot="private" virt="non-virtual"><scope>ObjetosNegocio::Proprietario</scope><name>presencasReunioes</name></member>
      <member refid="class_objetos_negocio_1_1_proprietario_1a190fc489825b2ef35edf2cdc4d89e700" prot="public" virt="non-virtual"><scope>ObjetosNegocio::Proprietario</scope><name>PresencasReunioes</name></member>
      <member refid="class_objetos_negocio_1_1_proprietario_1ae97a3f031b1e6b6392722b1b3f9c75f5" prot="public" virt="non-virtual"><scope>ObjetosNegocio::Proprietario</scope><name>PresenciarReuniao</name></member>
      <member refid="class_objetos_negocio_1_1_proprietario_1ae7d00117733491f5d2fde58c10c28a8b" prot="public" virt="non-virtual"><scope>ObjetosNegocio::Proprietario</scope><name>Proprietario</name></member>
      <member refid="class_objetos_negocio_1_1_proprietario_1a6777a698dda37a0e0ed2f9b9cac23edc" prot="public" virt="non-virtual"><scope>ObjetosNegocio::Proprietario</scope><name>RealizarPagamento</name></member>
      <member refid="class_objetos_negocio_1_1_proprietario_1aa7b3795199735c239e444ce97a2172b9" prot="public" virt="non-virtual"><scope>ObjetosNegocio::Proprietario</scope><name>VisualizarHistorico</name></member>
    </listofallmembers>
  </compounddef>
</doxygen>
