<?xml version='1.0' encoding='UTF-8' standalone='no'?>
<doxygen xmlns:xsi="http://www.w3.org/2001/XMLSchema-instance" xsi:noNamespaceSchemaLocation="compound.xsd" version="1.9.8" xml:lang="en-US">
  <compounddef id="class_excecoes_1_1_reuniao_exception_1_1_gravar_reunioes_exception" kind="class" language="C#" prot="public">
    <compoundname>Excecoes::ReuniaoException::GravarReunioesException</compoundname>
    <basecompoundref refid="class_excecoes_1_1_reuniao_exception" prot="public" virt="non-virtual">Excecoes.ReuniaoException</basecompoundref>
    <sectiondef kind="public-func">
      <memberdef kind="function" id="class_excecoes_1_1_reuniao_exception_1_1_gravar_reunioes_exception_1abcffebeb92bff2c7a3f5ecf153afebfb" prot="public" static="no" const="no" explicit="no" inline="yes" virt="non-virtual">
        <type></type>
        <definition>Excecoes.ReuniaoException.GravarReunioesException.GravarReunioesException</definition>
        <argsstring>(string message)</argsstring>
        <name>GravarReunioesException</name>
        <qualifiedname>Excecoes.ReuniaoException.GravarReunioesException.GravarReunioesException</qualifiedname>
        <param>
          <type>string</type>
          <declname>message</declname>
        </param>
        <briefdescription>
        </briefdescription>
        <detaileddescription>
        </detaileddescription>
        <inbodydescription>
        </inbodydescription>
        <location file="C:/Users/plmrj/Desktop/POO_T1_Código/TP_GCondominios/Excecoes/Excecoes.cs" line="289" column="20" bodyfile="C:/Users/plmrj/Desktop/POO_T1_Código/TP_GCondominios/Excecoes/Excecoes.cs" bodystart="289" bodyend="292"/>
      </memberdef>
    </sectiondef>
    <briefdescription>
<para>Exceção lançada ao ocorrer um erro durante a gravação de reuniões. </para>
    </briefdescription>
    <detaileddescription>
    </detaileddescription>
    <inheritancegraph>
      <node id="1">
        <label>Excecoes.ReuniaoException.GravarReunioesException</label>
        <link refid="class_excecoes_1_1_reuniao_exception_1_1_gravar_reunioes_exception"/>
        <childnode refid="2" relation="public-inheritance">
        </childnode>
      </node>
      <node id="3">
        <label>Exception</label>
      </node>
      <node id="2">
        <label>ReuniaoException</label>
        <link refid="class_excecoes_1_1_reuniao_exception"/>
        <childnode refid="3" relation="public-inheritance">
        </childnode>
      </node>
    </inheritancegraph>
    <collaborationgraph>
      <node id="1">
        <label>Excecoes.ReuniaoException.GravarReunioesException</label>
        <link refid="class_excecoes_1_1_reuniao_exception_1_1_gravar_reunioes_exception"/>
        <childnode refid="2" relation="public-inheritance">
        </childnode>
      </node>
      <node id="3">
        <label>Exception</label>
      </node>
      <node id="2">
        <label>ReuniaoException</label>
        <link refid="class_excecoes_1_1_reuniao_exception"/>
        <childnode refid="3" relation="public-inheritance">
        </childnode>
      </node>
    </collaborationgraph>
    <location file="C:/Users/plmrj/Desktop/POO_T1_Código/TP_GCondominios/Excecoes/Excecoes.cs" line="287" column="15" bodyfile="C:/Users/plmrj/Desktop/POO_T1_Código/TP_GCondominios/Excecoes/Excecoes.cs" bodystart="288" bodyend="293"/>
    <listofallmembers>
      <member refid="class_excecoes_1_1_reuniao_exception_1_1_gravar_reunioes_exception_1abcffebeb92bff2c7a3f5ecf153afebfb" prot="public" virt="non-virtual"><scope>Excecoes::ReuniaoException::GravarReunioesException</scope><name>GravarReunioesException</name></member>
      <member refid="class_excecoes_1_1_reuniao_exception_1ad928e339cb58614d42d6f0ef97542b47" prot="public" virt="non-virtual"><scope>Excecoes::ReuniaoException::GravarReunioesException</scope><name>ReuniaoException</name></member>
    </listofallmembers>
  </compounddef>
</doxygen>
