<?xml version='1.0' encoding='UTF-8' standalone='no'?>
<doxygen xmlns:xsi="http://www.w3.org/2001/XMLSchema-instance" xsi:noNamespaceSchemaLocation="compound.xsd" version="1.9.8" xml:lang="en-US">
  <compounddef id="class_dados_1_1_imoveis" kind="class" language="C#" prot="public">
    <compoundname>Dados::Imoveis</compoundname>
    <sectiondef kind="private-attrib">
      <memberdef kind="variable" id="class_dados_1_1_imoveis_1ae2c6d22bd40c7cb9dfe41d1753c97e63" prot="private" static="no" mutable="no">
        <type>List&lt; <ref refid="class_objetos_negocio_1_1_imovel" kindref="compound">Imovel</ref> &gt;</type>
        <definition>List&lt;Imovel&gt; Dados.Imoveis.listaImoveis</definition>
        <argsstring></argsstring>
        <name>listaImoveis</name>
        <qualifiedname>Dados.Imoveis.listaImoveis</qualifiedname>
        <briefdescription>
        </briefdescription>
        <detaileddescription>
        </detaileddescription>
        <inbodydescription>
        </inbodydescription>
        <location file="C:/Users/plmrj/Desktop/POO_T1_Código/TP_GCondominios/Dados/Imoveis.cs" line="27" column="22" bodyfile="C:/Users/plmrj/Desktop/POO_T1_Código/TP_GCondominios/Dados/Imoveis.cs" bodystart="27" bodyend="-1"/>
      </memberdef>
    </sectiondef>
    <sectiondef kind="public-func">
      <memberdef kind="function" id="class_dados_1_1_imoveis_1adb99e145fab9e0f2b1f56b059c8d654a" prot="public" static="no" const="no" explicit="no" inline="yes" virt="non-virtual">
        <type></type>
        <definition>Dados.Imoveis.Imoveis</definition>
        <argsstring>()</argsstring>
        <name>Imoveis</name>
        <qualifiedname>Dados.Imoveis.Imoveis</qualifiedname>
        <briefdescription>
<para>Inicializa uma nova instância da classe Imoveis. </para>
        </briefdescription>
        <detaileddescription>
        </detaileddescription>
        <inbodydescription>
        </inbodydescription>
        <location file="C:/Users/plmrj/Desktop/POO_T1_Código/TP_GCondominios/Dados/Imoveis.cs" line="38" column="16" bodyfile="C:/Users/plmrj/Desktop/POO_T1_Código/TP_GCondominios/Dados/Imoveis.cs" bodystart="38" bodyend="41"/>
      </memberdef>
      <memberdef kind="function" id="class_dados_1_1_imoveis_1ad2533595df4f07fd1e22be40f76a4381" prot="public" static="no" const="no" explicit="no" inline="yes" virt="non-virtual">
        <type>void</type>
        <definition>void Dados.Imoveis.AdicionarImovel</definition>
        <argsstring>(Imovel imovel, bool lancaExcecao=false)</argsstring>
        <name>AdicionarImovel</name>
        <qualifiedname>Dados.Imoveis.AdicionarImovel</qualifiedname>
        <param>
          <type><ref refid="class_objetos_negocio_1_1_imovel" kindref="compound">Imovel</ref></type>
          <declname>imovel</declname>
        </param>
        <param>
          <type>bool</type>
          <declname>lancaExcecao</declname>
          <defval>false</defval>
        </param>
        <briefdescription>
<para>Adiciona um novo imóvel à lista. </para>
        </briefdescription>
        <detaileddescription>
<para><parameterlist kind="param"><parameteritem>
<parameternamelist>
<parametername>imovel</parametername>
</parameternamelist>
<parameterdescription>
<para>O imóvel a ser adicionado.</para>
</parameterdescription>
</parameteritem>
<parameteritem>
<parameternamelist>
<parametername>lancaExcecao</parametername>
</parameternamelist>
<parameterdescription>
<para>Indica se uma exceção deve ser lançada em caso de duplicata.</para>
</parameterdescription>
</parameteritem>
</parameterlist>
<parameterlist kind="exception"><parameteritem>
<parameternamelist>
<parametername>ImovelException.ImovelDuplicadoException</parametername>
</parameternamelist>
<parameterdescription>
<para>Lançada se um imóvel duplicado for detectado.</para>
</parameterdescription>
</parameteritem>
</parameterlist>
</para>
        </detaileddescription>
        <inbodydescription>
        </inbodydescription>
        <location file="C:/Users/plmrj/Desktop/POO_T1_Código/TP_GCondominios/Dados/Imoveis.cs" line="56" column="21" bodyfile="C:/Users/plmrj/Desktop/POO_T1_Código/TP_GCondominios/Dados/Imoveis.cs" bodystart="56" bodyend="71"/>
      </memberdef>
      <memberdef kind="function" id="class_dados_1_1_imoveis_1a797f9e3e8cc396e5307fc0bf4212d7f4" prot="public" static="no" const="no" explicit="no" inline="yes" virt="non-virtual">
        <type>List&lt; <ref refid="class_objetos_negocio_1_1_imovel" kindref="compound">Imovel</ref> &gt;</type>
        <definition>List&lt; Imovel &gt; Dados.Imoveis.ObterImoveis</definition>
        <argsstring>()</argsstring>
        <name>ObterImoveis</name>
        <qualifiedname>Dados.Imoveis.ObterImoveis</qualifiedname>
        <briefdescription>
<para>Obtém a lista de todos os imóveis. </para>
        </briefdescription>
        <detaileddescription>
<para><simplesect kind="return"><para>A lista de imóveis.</para>
</simplesect>
</para>
        </detaileddescription>
        <inbodydescription>
        </inbodydescription>
        <location file="C:/Users/plmrj/Desktop/POO_T1_Código/TP_GCondominios/Dados/Imoveis.cs" line="77" column="21" bodyfile="C:/Users/plmrj/Desktop/POO_T1_Código/TP_GCondominios/Dados/Imoveis.cs" bodystart="77" bodyend="80"/>
      </memberdef>
      <memberdef kind="function" id="class_dados_1_1_imoveis_1aed7d908e4215119ae7af7be814ec6125" prot="public" static="no" const="no" explicit="no" inline="yes" virt="non-virtual">
        <type><ref refid="class_objetos_negocio_1_1_imovel" kindref="compound">Imovel</ref>?</type>
        <definition>Imovel? Dados.Imoveis.ObterImovelPorId</definition>
        <argsstring>(int idImovel)</argsstring>
        <name>ObterImovelPorId</name>
        <qualifiedname>Dados.Imoveis.ObterImovelPorId</qualifiedname>
        <param>
          <type>int</type>
          <declname>idImovel</declname>
        </param>
        <briefdescription>
<para>Obtém um imóvel com base no identificador único. </para>
        </briefdescription>
        <detaileddescription>
<para><parameterlist kind="param"><parameteritem>
<parameternamelist>
<parametername>idImovel</parametername>
</parameternamelist>
<parameterdescription>
<para>O identificador único do imóvel.</para>
</parameterdescription>
</parameteritem>
</parameterlist>
<simplesect kind="return"><para>O imóvel correspondente ou null se não encontrado.</para>
</simplesect>
</para>
        </detaileddescription>
        <inbodydescription>
        </inbodydescription>
        <location file="C:/Users/plmrj/Desktop/POO_T1_Código/TP_GCondominios/Dados/Imoveis.cs" line="87" column="23" bodyfile="C:/Users/plmrj/Desktop/POO_T1_Código/TP_GCondominios/Dados/Imoveis.cs" bodystart="87" bodyend="90"/>
      </memberdef>
      <memberdef kind="function" id="class_dados_1_1_imoveis_1ac54926f10bb0fa4290cccafce694b4b9" prot="public" static="no" const="no" explicit="no" inline="yes" virt="non-virtual">
        <type>void</type>
        <definition>void Dados.Imoveis.GravarImoveis</definition>
        <argsstring>(string caminhoArquivo)</argsstring>
        <name>GravarImoveis</name>
        <qualifiedname>Dados.Imoveis.GravarImoveis</qualifiedname>
        <param>
          <type>string</type>
          <declname>caminhoArquivo</declname>
        </param>
        <briefdescription>
<para>Grava a lista de imóveis em um arquivo usando serialização JSON. </para>
        </briefdescription>
        <detaileddescription>
<para><parameterlist kind="param"><parameteritem>
<parameternamelist>
<parametername>caminhoArquivo</parametername>
</parameternamelist>
<parameterdescription>
<para>O caminho do arquivo para salvar.</para>
</parameterdescription>
</parameteritem>
</parameterlist>
<parameterlist kind="exception"><parameteritem>
<parameternamelist>
<parametername>ImovelException.GravarImoveisException</parametername>
</parameternamelist>
<parameterdescription>
<para>Lançada em caso de erro ao gravar imóveis.</para>
</parameterdescription>
</parameteritem>
</parameterlist>
</para>
        </detaileddescription>
        <inbodydescription>
        </inbodydescription>
        <location file="C:/Users/plmrj/Desktop/POO_T1_Código/TP_GCondominios/Dados/Imoveis.cs" line="97" column="21" bodyfile="C:/Users/plmrj/Desktop/POO_T1_Código/TP_GCondominios/Dados/Imoveis.cs" bodystart="97" bodyend="108"/>
      </memberdef>
      <memberdef kind="function" id="class_dados_1_1_imoveis_1a8c689326d6695752adfce77f1c238998" prot="public" static="no" const="no" explicit="no" inline="yes" virt="non-virtual">
        <type>void</type>
        <definition>void Dados.Imoveis.CarregarImoveis</definition>
        <argsstring>(string caminhoArquivo)</argsstring>
        <name>CarregarImoveis</name>
        <qualifiedname>Dados.Imoveis.CarregarImoveis</qualifiedname>
        <param>
          <type>string</type>
          <declname>caminhoArquivo</declname>
        </param>
        <briefdescription>
<para>Carrega a lista de imóveis a partir de um arquivo usando desserialização JSON. </para>
        </briefdescription>
        <detaileddescription>
<para><parameterlist kind="param"><parameteritem>
<parameternamelist>
<parametername>caminhoArquivo</parametername>
</parameternamelist>
<parameterdescription>
<para>O caminho do arquivo para carregar.</para>
</parameterdescription>
</parameteritem>
</parameterlist>
<parameterlist kind="exception"><parameteritem>
<parameternamelist>
<parametername>ImovelException.CarregarImoveisException</parametername>
</parameternamelist>
<parameterdescription>
<para>Lançada em caso de erro ao carregar imóveis.</para>
</parameterdescription>
</parameteritem>
</parameterlist>
</para>
        </detaileddescription>
        <inbodydescription>
        </inbodydescription>
        <location file="C:/Users/plmrj/Desktop/POO_T1_Código/TP_GCondominios/Dados/Imoveis.cs" line="115" column="21" bodyfile="C:/Users/plmrj/Desktop/POO_T1_Código/TP_GCondominios/Dados/Imoveis.cs" bodystart="115" bodyend="126"/>
      </memberdef>
    </sectiondef>
    <briefdescription>
<para>Classe responsável por armazenar e gerenciar informações sobre imóveis. </para>
    </briefdescription>
    <detaileddescription>
    </detaileddescription>
    <location file="C:/Users/plmrj/Desktop/POO_T1_Código/TP_GCondominios/Dados/Imoveis.cs" line="23" column="11" bodyfile="C:/Users/plmrj/Desktop/POO_T1_Código/TP_GCondominios/Dados/Imoveis.cs" bodystart="24" bodyend="130"/>
    <listofallmembers>
      <member refid="class_dados_1_1_imoveis_1ad2533595df4f07fd1e22be40f76a4381" prot="public" virt="non-virtual"><scope>Dados::Imoveis</scope><name>AdicionarImovel</name></member>
      <member refid="class_dados_1_1_imoveis_1a8c689326d6695752adfce77f1c238998" prot="public" virt="non-virtual"><scope>Dados::Imoveis</scope><name>CarregarImoveis</name></member>
      <member refid="class_dados_1_1_imoveis_1ac54926f10bb0fa4290cccafce694b4b9" prot="public" virt="non-virtual"><scope>Dados::Imoveis</scope><name>GravarImoveis</name></member>
      <member refid="class_dados_1_1_imoveis_1adb99e145fab9e0f2b1f56b059c8d654a" prot="public" virt="non-virtual"><scope>Dados::Imoveis</scope><name>Imoveis</name></member>
      <member refid="class_dados_1_1_imoveis_1ae2c6d22bd40c7cb9dfe41d1753c97e63" prot="private" virt="non-virtual"><scope>Dados::Imoveis</scope><name>listaImoveis</name></member>
      <member refid="class_dados_1_1_imoveis_1a797f9e3e8cc396e5307fc0bf4212d7f4" prot="public" virt="non-virtual"><scope>Dados::Imoveis</scope><name>ObterImoveis</name></member>
      <member refid="class_dados_1_1_imoveis_1aed7d908e4215119ae7af7be814ec6125" prot="public" virt="non-virtual"><scope>Dados::Imoveis</scope><name>ObterImovelPorId</name></member>
    </listofallmembers>
  </compounddef>
</doxygen>
