<?xml version='1.0' encoding='UTF-8' standalone='no'?>
<doxygen xmlns:xsi="http://www.w3.org/2001/XMLSchema-instance" xsi:noNamespaceSchemaLocation="compound.xsd" version="1.9.8" xml:lang="en-US">
  <compounddef id="class_regras_negocio_1_1_documento_regras" kind="class" language="C#" prot="public">
    <compoundname>RegrasNegocio::DocumentoRegras</compoundname>
    <sectiondef kind="public-static-func">
      <memberdef kind="function" id="class_regras_negocio_1_1_documento_regras_1acbfdaeccc0eee1a075d8b0e73ec34e88" prot="public" static="yes" const="no" explicit="no" inline="yes" virt="non-virtual">
        <type>void</type>
        <definition>static void RegrasNegocio.DocumentoRegras.ValidarDocumento</definition>
        <argsstring>(Documento documento)</argsstring>
        <name>ValidarDocumento</name>
        <qualifiedname>RegrasNegocio.DocumentoRegras.ValidarDocumento</qualifiedname>
        <param>
          <type><ref refid="class_objetos_negocio_1_1_documento" kindref="compound">Documento</ref></type>
          <declname>documento</declname>
        </param>
        <briefdescription>
        </briefdescription>
        <detaileddescription>
        </detaileddescription>
        <inbodydescription>
        </inbodydescription>
        <location file="C:/Users/plmrj/Desktop/POO_T1_Código/TP_GCondominios/RegrasNegocio/Regras.cs" line="163" column="28" bodyfile="C:/Users/plmrj/Desktop/POO_T1_Código/TP_GCondominios/RegrasNegocio/Regras.cs" bodystart="163" bodyend="179"/>
      </memberdef>
    </sectiondef>
    <briefdescription>
    </briefdescription>
    <detaileddescription>
    </detaileddescription>
    <location file="C:/Users/plmrj/Desktop/POO_T1_Código/TP_GCondominios/RegrasNegocio/Regras.cs" line="161" column="19" bodyfile="C:/Users/plmrj/Desktop/POO_T1_Código/TP_GCondominios/RegrasNegocio/Regras.cs" bodystart="162" bodyend="180"/>
    <listofallmembers>
      <member refid="class_regras_negocio_1_1_documento_regras_1acbfdaeccc0eee1a075d8b0e73ec34e88" prot="public" virt="non-virtual"><scope>RegrasNegocio::DocumentoRegras</scope><name>ValidarDocumento</name></member>
    </listofallmembers>
  </compounddef>
</doxygen>
