<?xml version='1.0' encoding='UTF-8' standalone='no'?>
<doxygen xmlns:xsi="http://www.w3.org/2001/XMLSchema-instance" xsi:noNamespaceSchemaLocation="compound.xsd" version="1.9.8" xml:lang="en-US">
  <compounddef id="class_excecoes_1_1_reuniao_exception_1_1_local_reuniao_nulo_ou_vazio_exception" kind="class" language="C#" prot="public">
    <compoundname>Excecoes::ReuniaoException::LocalReuniaoNuloOuVazioException</compoundname>
    <basecompoundref refid="class_excecoes_1_1_reuniao_exception" prot="public" virt="non-virtual">Excecoes.ReuniaoException</basecompoundref>
    <sectiondef kind="public-func">
      <memberdef kind="function" id="class_excecoes_1_1_reuniao_exception_1_1_local_reuniao_nulo_ou_vazio_exception_1a778aeee3550e204a0086348c3a582de2" prot="public" static="no" const="no" explicit="no" inline="yes" virt="non-virtual">
        <type></type>
        <definition>Excecoes.ReuniaoException.LocalReuniaoNuloOuVazioException.LocalReuniaoNuloOuVazioException</definition>
        <argsstring>()</argsstring>
        <name>LocalReuniaoNuloOuVazioException</name>
        <qualifiedname>Excecoes.ReuniaoException.LocalReuniaoNuloOuVazioException.LocalReuniaoNuloOuVazioException</qualifiedname>
        <briefdescription>
        </briefdescription>
        <detaileddescription>
        </detaileddescription>
        <inbodydescription>
        </inbodydescription>
        <location file="C:/Users/plmrj/Desktop/POO_T1_Código/TP_GCondominios/Excecoes/Excecoes.cs" line="256" column="20" bodyfile="C:/Users/plmrj/Desktop/POO_T1_Código/TP_GCondominios/Excecoes/Excecoes.cs" bodystart="256" bodyend="259"/>
      </memberdef>
    </sectiondef>
    <briefdescription>
<para>Exceção lançada quando o local da reunião é nulo ou vazio. </para>
    </briefdescription>
    <detaileddescription>
    </detaileddescription>
    <inheritancegraph>
      <node id="1">
        <label>Excecoes.ReuniaoException.LocalReuniaoNuloOuVazioException</label>
        <link refid="class_excecoes_1_1_reuniao_exception_1_1_local_reuniao_nulo_ou_vazio_exception"/>
        <childnode refid="2" relation="public-inheritance">
        </childnode>
      </node>
      <node id="3">
        <label>Exception</label>
      </node>
      <node id="2">
        <label>ReuniaoException</label>
        <link refid="class_excecoes_1_1_reuniao_exception"/>
        <childnode refid="3" relation="public-inheritance">
        </childnode>
      </node>
    </inheritancegraph>
    <collaborationgraph>
      <node id="1">
        <label>Excecoes.ReuniaoException.LocalReuniaoNuloOuVazioException</label>
        <link refid="class_excecoes_1_1_reuniao_exception_1_1_local_reuniao_nulo_ou_vazio_exception"/>
        <childnode refid="2" relation="public-inheritance">
        </childnode>
      </node>
      <node id="3">
        <label>Exception</label>
      </node>
      <node id="2">
        <label>ReuniaoException</label>
        <link refid="class_excecoes_1_1_reuniao_exception"/>
        <childnode refid="3" relation="public-inheritance">
        </childnode>
      </node>
    </collaborationgraph>
    <location file="C:/Users/plmrj/Desktop/POO_T1_Código/TP_GCondominios/Excecoes/Excecoes.cs" line="254" column="15" bodyfile="C:/Users/plmrj/Desktop/POO_T1_Código/TP_GCondominios/Excecoes/Excecoes.cs" bodystart="255" bodyend="260"/>
    <listofallmembers>
      <member refid="class_excecoes_1_1_reuniao_exception_1_1_local_reuniao_nulo_ou_vazio_exception_1a778aeee3550e204a0086348c3a582de2" prot="public" virt="non-virtual"><scope>Excecoes::ReuniaoException::LocalReuniaoNuloOuVazioException</scope><name>LocalReuniaoNuloOuVazioException</name></member>
      <member refid="class_excecoes_1_1_reuniao_exception_1ad928e339cb58614d42d6f0ef97542b47" prot="public" virt="non-virtual"><scope>Excecoes::ReuniaoException::LocalReuniaoNuloOuVazioException</scope><name>ReuniaoException</name></member>
    </listofallmembers>
  </compounddef>
</doxygen>
