<?xml version='1.0' encoding='UTF-8' standalone='no'?>
<doxygen xmlns:xsi="http://www.w3.org/2001/XMLSchema-instance" xsi:noNamespaceSchemaLocation="compound.xsd" version="1.9.8" xml:lang="en-US">
  <compounddef id="class_excecoes_1_1_imovel_exception_1_1_endereco_imovel_nulo_ou_vazio_exception" kind="class" language="C#" prot="public">
    <compoundname>Excecoes::ImovelException::EnderecoImovelNuloOuVazioException</compoundname>
    <basecompoundref refid="class_excecoes_1_1_imovel_exception" prot="public" virt="non-virtual">Excecoes.ImovelException</basecompoundref>
    <sectiondef kind="public-func">
      <memberdef kind="function" id="class_excecoes_1_1_imovel_exception_1_1_endereco_imovel_nulo_ou_vazio_exception_1a3f784d985680137a0aff289d3b296609" prot="public" static="no" const="no" explicit="no" inline="yes" virt="non-virtual">
        <type></type>
        <definition>Excecoes.ImovelException.EnderecoImovelNuloOuVazioException.EnderecoImovelNuloOuVazioException</definition>
        <argsstring>()</argsstring>
        <name>EnderecoImovelNuloOuVazioException</name>
        <qualifiedname>Excecoes.ImovelException.EnderecoImovelNuloOuVazioException.EnderecoImovelNuloOuVazioException</qualifiedname>
        <briefdescription>
        </briefdescription>
        <detaileddescription>
        </detaileddescription>
        <inbodydescription>
        </inbodydescription>
        <location file="C:/Users/plmrj/Desktop/POO_T1_Código/TP_GCondominios/Excecoes/Excecoes.cs" line="531" column="20" bodyfile="C:/Users/plmrj/Desktop/POO_T1_Código/TP_GCondominios/Excecoes/Excecoes.cs" bodystart="531" bodyend="534"/>
      </memberdef>
    </sectiondef>
    <briefdescription>
<para>Exceção lançada quando o endereço do imóvel é nulo ou vazio. </para>
    </briefdescription>
    <detaileddescription>
    </detaileddescription>
    <inheritancegraph>
      <node id="1">
        <label>Excecoes.ImovelException.EnderecoImovelNuloOuVazioException</label>
        <link refid="class_excecoes_1_1_imovel_exception_1_1_endereco_imovel_nulo_ou_vazio_exception"/>
        <childnode refid="2" relation="public-inheritance">
        </childnode>
      </node>
      <node id="3">
        <label>Exception</label>
      </node>
      <node id="2">
        <label>ImovelException</label>
        <link refid="class_excecoes_1_1_imovel_exception"/>
        <childnode refid="3" relation="public-inheritance">
        </childnode>
      </node>
    </inheritancegraph>
    <collaborationgraph>
      <node id="1">
        <label>Excecoes.ImovelException.EnderecoImovelNuloOuVazioException</label>
        <link refid="class_excecoes_1_1_imovel_exception_1_1_endereco_imovel_nulo_ou_vazio_exception"/>
        <childnode refid="2" relation="public-inheritance">
        </childnode>
      </node>
      <node id="3">
        <label>Exception</label>
      </node>
      <node id="2">
        <label>ImovelException</label>
        <link refid="class_excecoes_1_1_imovel_exception"/>
        <childnode refid="3" relation="public-inheritance">
        </childnode>
      </node>
    </collaborationgraph>
    <location file="C:/Users/plmrj/Desktop/POO_T1_Código/TP_GCondominios/Excecoes/Excecoes.cs" line="529" column="15" bodyfile="C:/Users/plmrj/Desktop/POO_T1_Código/TP_GCondominios/Excecoes/Excecoes.cs" bodystart="530" bodyend="535"/>
    <listofallmembers>
      <member refid="class_excecoes_1_1_imovel_exception_1_1_endereco_imovel_nulo_ou_vazio_exception_1a3f784d985680137a0aff289d3b296609" prot="public" virt="non-virtual"><scope>Excecoes::ImovelException::EnderecoImovelNuloOuVazioException</scope><name>EnderecoImovelNuloOuVazioException</name></member>
      <member refid="class_excecoes_1_1_imovel_exception_1af3553d310f71fcd16dd4a8f303f17164" prot="public" virt="non-virtual"><scope>Excecoes::ImovelException::EnderecoImovelNuloOuVazioException</scope><name>ImovelException</name></member>
    </listofallmembers>
  </compounddef>
</doxygen>
