<?xml version='1.0' encoding='UTF-8' standalone='no'?>
<doxygen xmlns:xsi="http://www.w3.org/2001/XMLSchema-instance" xsi:noNamespaceSchemaLocation="compound.xsd" version="1.9.8" xml:lang="en-US">
  <compounddef id="class_excecoes_1_1_documento_exception_1_1_documento_duplicado_exception" kind="class" language="C#" prot="public">
    <compoundname>Excecoes::DocumentoException::DocumentoDuplicadoException</compoundname>
    <basecompoundref refid="class_excecoes_1_1_documento_exception" prot="public" virt="non-virtual">Excecoes.DocumentoException</basecompoundref>
    <sectiondef kind="public-func">
      <memberdef kind="function" id="class_excecoes_1_1_documento_exception_1_1_documento_duplicado_exception_1a49f35b5f5e9c955599f456fdc30a5873" prot="public" static="no" const="no" explicit="no" inline="yes" virt="non-virtual">
        <type></type>
        <definition>Excecoes.DocumentoException.DocumentoDuplicadoException.DocumentoDuplicadoException</definition>
        <argsstring>(string nome)</argsstring>
        <name>DocumentoDuplicadoException</name>
        <qualifiedname>Excecoes.DocumentoException.DocumentoDuplicadoException.DocumentoDuplicadoException</qualifiedname>
        <param>
          <type>string</type>
          <declname>nome</declname>
        </param>
        <briefdescription>
        </briefdescription>
        <detaileddescription>
        </detaileddescription>
        <inbodydescription>
        </inbodydescription>
        <location file="C:/Users/plmrj/Desktop/POO_T1_Código/TP_GCondominios/Excecoes/Excecoes.cs" line="190" column="20" bodyfile="C:/Users/plmrj/Desktop/POO_T1_Código/TP_GCondominios/Excecoes/Excecoes.cs" bodystart="190" bodyend="193"/>
      </memberdef>
    </sectiondef>
    <briefdescription>
<para>Exceção lançada quando um documento duplicado é adicionado à lista. </para>
    </briefdescription>
    <detaileddescription>
    </detaileddescription>
    <inheritancegraph>
      <node id="2">
        <label>DocumentoException</label>
        <link refid="class_excecoes_1_1_documento_exception"/>
        <childnode refid="3" relation="public-inheritance">
        </childnode>
      </node>
      <node id="1">
        <label>Excecoes.DocumentoException.DocumentoDuplicadoException</label>
        <link refid="class_excecoes_1_1_documento_exception_1_1_documento_duplicado_exception"/>
        <childnode refid="2" relation="public-inheritance">
        </childnode>
      </node>
      <node id="3">
        <label>Exception</label>
      </node>
    </inheritancegraph>
    <collaborationgraph>
      <node id="2">
        <label>DocumentoException</label>
        <link refid="class_excecoes_1_1_documento_exception"/>
        <childnode refid="3" relation="public-inheritance">
        </childnode>
      </node>
      <node id="1">
        <label>Excecoes.DocumentoException.DocumentoDuplicadoException</label>
        <link refid="class_excecoes_1_1_documento_exception_1_1_documento_duplicado_exception"/>
        <childnode refid="2" relation="public-inheritance">
        </childnode>
      </node>
      <node id="3">
        <label>Exception</label>
      </node>
    </collaborationgraph>
    <location file="C:/Users/plmrj/Desktop/POO_T1_Código/TP_GCondominios/Excecoes/Excecoes.cs" line="188" column="15" bodyfile="C:/Users/plmrj/Desktop/POO_T1_Código/TP_GCondominios/Excecoes/Excecoes.cs" bodystart="189" bodyend="194"/>
    <listofallmembers>
      <member refid="class_excecoes_1_1_documento_exception_1_1_documento_duplicado_exception_1a49f35b5f5e9c955599f456fdc30a5873" prot="public" virt="non-virtual"><scope>Excecoes::DocumentoException::DocumentoDuplicadoException</scope><name>DocumentoDuplicadoException</name></member>
      <member refid="class_excecoes_1_1_documento_exception_1a6d51d6105c1fc36d9b3a80afac522908" prot="public" virt="non-virtual"><scope>Excecoes::DocumentoException::DocumentoDuplicadoException</scope><name>DocumentoException</name></member>
    </listofallmembers>
  </compounddef>
</doxygen>
