<?xml version='1.0' encoding='UTF-8' standalone='no'?>
<doxygen xmlns:xsi="http://www.w3.org/2001/XMLSchema-instance" xsi:noNamespaceSchemaLocation="compound.xsd" version="1.9.8" xml:lang="en-US">
  <compounddef id="class_excecoes_1_1_condominio_exception_1_1_nome_condominio_nulo_ou_vazio_exception" kind="class" language="C#" prot="public">
    <compoundname>Excecoes::CondominioException::NomeCondominioNuloOuVazioException</compoundname>
    <basecompoundref refid="class_excecoes_1_1_condominio_exception" prot="public" virt="non-virtual">Excecoes.CondominioException</basecompoundref>
    <sectiondef kind="public-func">
      <memberdef kind="function" id="class_excecoes_1_1_condominio_exception_1_1_nome_condominio_nulo_ou_vazio_exception_1ad88a8433427a7d132e8826584b680f86" prot="public" static="no" const="no" explicit="no" inline="yes" virt="non-virtual">
        <type></type>
        <definition>Excecoes.CondominioException.NomeCondominioNuloOuVazioException.NomeCondominioNuloOuVazioException</definition>
        <argsstring>()</argsstring>
        <name>NomeCondominioNuloOuVazioException</name>
        <qualifiedname>Excecoes.CondominioException.NomeCondominioNuloOuVazioException.NomeCondominioNuloOuVazioException</qualifiedname>
        <briefdescription>
        </briefdescription>
        <detaileddescription>
        </detaileddescription>
        <inbodydescription>
        </inbodydescription>
        <location file="C:/Users/plmrj/Desktop/POO_T1_Código/TP_GCondominios/Excecoes/Excecoes.cs" line="35" column="20" bodyfile="C:/Users/plmrj/Desktop/POO_T1_Código/TP_GCondominios/Excecoes/Excecoes.cs" bodystart="35" bodyend="38"/>
      </memberdef>
    </sectiondef>
    <briefdescription>
<para>Exceção lançada quando o nome do condomínio é nulo ou vazio. </para>
    </briefdescription>
    <detaileddescription>
    </detaileddescription>
    <inheritancegraph>
      <node id="2">
        <label>CondominioException</label>
        <link refid="class_excecoes_1_1_condominio_exception"/>
        <childnode refid="3" relation="public-inheritance">
        </childnode>
      </node>
      <node id="1">
        <label>Excecoes.CondominioException.NomeCondominioNuloOuVazioException</label>
        <link refid="class_excecoes_1_1_condominio_exception_1_1_nome_condominio_nulo_ou_vazio_exception"/>
        <childnode refid="2" relation="public-inheritance">
        </childnode>
      </node>
      <node id="3">
        <label>Exception</label>
      </node>
    </inheritancegraph>
    <collaborationgraph>
      <node id="2">
        <label>CondominioException</label>
        <link refid="class_excecoes_1_1_condominio_exception"/>
        <childnode refid="3" relation="public-inheritance">
        </childnode>
      </node>
      <node id="1">
        <label>Excecoes.CondominioException.NomeCondominioNuloOuVazioException</label>
        <link refid="class_excecoes_1_1_condominio_exception_1_1_nome_condominio_nulo_ou_vazio_exception"/>
        <childnode refid="2" relation="public-inheritance">
        </childnode>
      </node>
      <node id="3">
        <label>Exception</label>
      </node>
    </collaborationgraph>
    <location file="C:/Users/plmrj/Desktop/POO_T1_Código/TP_GCondominios/Excecoes/Excecoes.cs" line="33" column="15" bodyfile="C:/Users/plmrj/Desktop/POO_T1_Código/TP_GCondominios/Excecoes/Excecoes.cs" bodystart="34" bodyend="39"/>
    <listofallmembers>
      <member refid="class_excecoes_1_1_condominio_exception_1abe0794ac1e970320c7aac47cd1ef798a" prot="public" virt="non-virtual"><scope>Excecoes::CondominioException::NomeCondominioNuloOuVazioException</scope><name>CondominioException</name></member>
      <member refid="class_excecoes_1_1_condominio_exception_1_1_nome_condominio_nulo_ou_vazio_exception_1ad88a8433427a7d132e8826584b680f86" prot="public" virt="non-virtual"><scope>Excecoes::CondominioException::NomeCondominioNuloOuVazioException</scope><name>NomeCondominioNuloOuVazioException</name></member>
    </listofallmembers>
  </compounddef>
</doxygen>
