<?xml version='1.0' encoding='UTF-8' standalone='no'?>
<doxygen xmlns:xsi="http://www.w3.org/2001/XMLSchema-instance" xsi:noNamespaceSchemaLocation="compound.xsd" version="1.9.8" xml:lang="en-US">
  <compounddef id="class_dados_1_1_proprietarios" kind="class" language="C#" prot="public">
    <compoundname>Dados::Proprietarios</compoundname>
    <sectiondef kind="private-attrib">
      <memberdef kind="variable" id="class_dados_1_1_proprietarios_1adf2e9ed8079a31e421a95e2aa08cd1d2" prot="private" static="no" mutable="no">
        <type>List&lt; <ref refid="class_objetos_negocio_1_1_proprietario" kindref="compound">Proprietario</ref> &gt;</type>
        <definition>List&lt;Proprietario&gt; Dados.Proprietarios.listaProprietarios</definition>
        <argsstring></argsstring>
        <name>listaProprietarios</name>
        <qualifiedname>Dados.Proprietarios.listaProprietarios</qualifiedname>
        <briefdescription>
        </briefdescription>
        <detaileddescription>
        </detaileddescription>
        <inbodydescription>
        </inbodydescription>
        <location file="C:/Users/plmrj/Desktop/POO_T1_Código/TP_GCondominios/Dados/Proprietarios.cs" line="28" column="22" bodyfile="C:/Users/plmrj/Desktop/POO_T1_Código/TP_GCondominios/Dados/Proprietarios.cs" bodystart="28" bodyend="-1"/>
      </memberdef>
    </sectiondef>
    <sectiondef kind="public-func">
      <memberdef kind="function" id="class_dados_1_1_proprietarios_1a465addf286aa275d4d5955a772b05737" prot="public" static="no" const="no" explicit="no" inline="yes" virt="non-virtual">
        <type></type>
        <definition>Dados.Proprietarios.Proprietarios</definition>
        <argsstring>()</argsstring>
        <name>Proprietarios</name>
        <qualifiedname>Dados.Proprietarios.Proprietarios</qualifiedname>
        <briefdescription>
<para>Construtor padrão que inicializa a lista de proprietários. </para>
        </briefdescription>
        <detaileddescription>
        </detaileddescription>
        <inbodydescription>
        </inbodydescription>
        <location file="C:/Users/plmrj/Desktop/POO_T1_Código/TP_GCondominios/Dados/Proprietarios.cs" line="39" column="16" bodyfile="C:/Users/plmrj/Desktop/POO_T1_Código/TP_GCondominios/Dados/Proprietarios.cs" bodystart="39" bodyend="42"/>
      </memberdef>
      <memberdef kind="function" id="class_dados_1_1_proprietarios_1ad0566bd48dde931806cffbe4d1de66fa" prot="public" static="no" const="no" explicit="no" inline="yes" virt="non-virtual">
        <type>void</type>
        <definition>void Dados.Proprietarios.AdicionarProprietario</definition>
        <argsstring>(Proprietario proprietario, bool lancaExcecao=false)</argsstring>
        <name>AdicionarProprietario</name>
        <qualifiedname>Dados.Proprietarios.AdicionarProprietario</qualifiedname>
        <param>
          <type><ref refid="class_objetos_negocio_1_1_proprietario" kindref="compound">Proprietario</ref></type>
          <declname>proprietario</declname>
        </param>
        <param>
          <type>bool</type>
          <declname>lancaExcecao</declname>
          <defval>false</defval>
        </param>
        <briefdescription>
<para>Adiciona um novo proprietário à lista. </para>
        </briefdescription>
        <detaileddescription>
<para><parameterlist kind="param"><parameteritem>
<parameternamelist>
<parametername>proprietario</parametername>
</parameternamelist>
<parameterdescription>
<para>O proprietário a ser adicionado.</para>
</parameterdescription>
</parameteritem>
<parameteritem>
<parameternamelist>
<parametername>lancaExcecao</parametername>
</parameternamelist>
<parameterdescription>
<para>Indica se uma exceção deve ser lançada em caso de duplicata.</para>
</parameterdescription>
</parameteritem>
</parameterlist>
<parameterlist kind="exception"><parameteritem>
<parameternamelist>
<parametername>ProprietarioException.ProprietarioDuplicadoException</parametername>
</parameternamelist>
<parameterdescription>
<para>Lançada se um proprietário duplicado for detectado.</para>
</parameterdescription>
</parameteritem>
</parameterlist>
</para>
        </detaileddescription>
        <inbodydescription>
        </inbodydescription>
        <location file="C:/Users/plmrj/Desktop/POO_T1_Código/TP_GCondominios/Dados/Proprietarios.cs" line="60" column="21" bodyfile="C:/Users/plmrj/Desktop/POO_T1_Código/TP_GCondominios/Dados/Proprietarios.cs" bodystart="60" bodyend="74"/>
      </memberdef>
      <memberdef kind="function" id="class_dados_1_1_proprietarios_1afe75d8778830c6f8fdc58eb06a684e66" prot="public" static="no" const="no" explicit="no" inline="yes" virt="non-virtual">
        <type>List&lt; <ref refid="class_objetos_negocio_1_1_proprietario" kindref="compound">Proprietario</ref> &gt;</type>
        <definition>List&lt; Proprietario &gt; Dados.Proprietarios.ObterProprietarios</definition>
        <argsstring>()</argsstring>
        <name>ObterProprietarios</name>
        <qualifiedname>Dados.Proprietarios.ObterProprietarios</qualifiedname>
        <briefdescription>
<para>Obtém a lista de todos os proprietários. </para>
        </briefdescription>
        <detaileddescription>
<para><simplesect kind="return"><para>A lista de proprietários.</para>
</simplesect>
</para>
        </detaileddescription>
        <inbodydescription>
        </inbodydescription>
        <location file="C:/Users/plmrj/Desktop/POO_T1_Código/TP_GCondominios/Dados/Proprietarios.cs" line="80" column="21" bodyfile="C:/Users/plmrj/Desktop/POO_T1_Código/TP_GCondominios/Dados/Proprietarios.cs" bodystart="80" bodyend="83"/>
      </memberdef>
      <memberdef kind="function" id="class_dados_1_1_proprietarios_1a41e36a395c4ecc94cce6bf755181b304" prot="public" static="no" const="no" explicit="no" inline="yes" virt="non-virtual">
        <type><ref refid="class_objetos_negocio_1_1_proprietario" kindref="compound">Proprietario</ref>?</type>
        <definition>Proprietario? Dados.Proprietarios.ObterProprietarioPorNif</definition>
        <argsstring>(string nif)</argsstring>
        <name>ObterProprietarioPorNif</name>
        <qualifiedname>Dados.Proprietarios.ObterProprietarioPorNif</qualifiedname>
        <param>
          <type>string</type>
          <declname>nif</declname>
        </param>
        <briefdescription>
<para>Obtém um proprietário com base no NIF. </para>
        </briefdescription>
        <detaileddescription>
<para><parameterlist kind="param"><parameteritem>
<parameternamelist>
<parametername>nif</parametername>
</parameternamelist>
<parameterdescription>
<para>O NIF do proprietário.</para>
</parameterdescription>
</parameteritem>
</parameterlist>
<simplesect kind="return"><para>O proprietário correspondente ou null se não encontrado.</para>
</simplesect>
</para>
        </detaileddescription>
        <inbodydescription>
        </inbodydescription>
        <location file="C:/Users/plmrj/Desktop/POO_T1_Código/TP_GCondominios/Dados/Proprietarios.cs" line="90" column="29" bodyfile="C:/Users/plmrj/Desktop/POO_T1_Código/TP_GCondominios/Dados/Proprietarios.cs" bodystart="90" bodyend="93"/>
      </memberdef>
      <memberdef kind="function" id="class_dados_1_1_proprietarios_1a2897e42f13c04979de04209241e34639" prot="public" static="no" const="no" explicit="no" inline="yes" virt="non-virtual">
        <type>void</type>
        <definition>void Dados.Proprietarios.GravarProprietarios</definition>
        <argsstring>(string caminhoArquivo)</argsstring>
        <name>GravarProprietarios</name>
        <qualifiedname>Dados.Proprietarios.GravarProprietarios</qualifiedname>
        <param>
          <type>string</type>
          <declname>caminhoArquivo</declname>
        </param>
        <briefdescription>
<para>Grava a lista de proprietários em um arquivo usando serialização JSON. </para>
        </briefdescription>
        <detaileddescription>
<para><parameterlist kind="param"><parameteritem>
<parameternamelist>
<parametername>caminhoArquivo</parametername>
</parameternamelist>
<parameterdescription>
<para>O caminho do arquivo para salvar.</para>
</parameterdescription>
</parameteritem>
</parameterlist>
<parameterlist kind="exception"><parameteritem>
<parameternamelist>
<parametername>ProprietarioException.GravarProprietariosException</parametername>
</parameternamelist>
<parameterdescription>
<para>Lançada em caso de erro ao gravar proprietários.</para>
</parameterdescription>
</parameteritem>
</parameterlist>
</para>
        </detaileddescription>
        <inbodydescription>
        </inbodydescription>
        <location file="C:/Users/plmrj/Desktop/POO_T1_Código/TP_GCondominios/Dados/Proprietarios.cs" line="100" column="21" bodyfile="C:/Users/plmrj/Desktop/POO_T1_Código/TP_GCondominios/Dados/Proprietarios.cs" bodystart="100" bodyend="111"/>
      </memberdef>
      <memberdef kind="function" id="class_dados_1_1_proprietarios_1a13fb6a531bae7553e4aeda1402c77b8c" prot="public" static="no" const="no" explicit="no" inline="yes" virt="non-virtual">
        <type>void</type>
        <definition>void Dados.Proprietarios.CarregarProprietarios</definition>
        <argsstring>(string caminhoArquivo)</argsstring>
        <name>CarregarProprietarios</name>
        <qualifiedname>Dados.Proprietarios.CarregarProprietarios</qualifiedname>
        <param>
          <type>string</type>
          <declname>caminhoArquivo</declname>
        </param>
        <briefdescription>
<para>Carrega a lista de proprietários a partir de um arquivo usando desserialização JSON. </para>
        </briefdescription>
        <detaileddescription>
<para><parameterlist kind="param"><parameteritem>
<parameternamelist>
<parametername>caminhoArquivo</parametername>
</parameternamelist>
<parameterdescription>
<para>O caminho do arquivo para carregar.</para>
</parameterdescription>
</parameteritem>
</parameterlist>
<parameterlist kind="exception"><parameteritem>
<parameternamelist>
<parametername>ProprietarioException.CarregarProprietariosException</parametername>
</parameternamelist>
<parameterdescription>
<para>Lançada em caso de erro ao carregar proprietários.</para>
</parameterdescription>
</parameteritem>
</parameterlist>
</para>
        </detaileddescription>
        <inbodydescription>
        </inbodydescription>
        <location file="C:/Users/plmrj/Desktop/POO_T1_Código/TP_GCondominios/Dados/Proprietarios.cs" line="118" column="21" bodyfile="C:/Users/plmrj/Desktop/POO_T1_Código/TP_GCondominios/Dados/Proprietarios.cs" bodystart="118" bodyend="129"/>
      </memberdef>
    </sectiondef>
    <briefdescription>
<para>Classe responsável por armazenar e gerenciar informações sobre proprietários. </para>
    </briefdescription>
    <detaileddescription>
    </detaileddescription>
    <location file="C:/Users/plmrj/Desktop/POO_T1_Código/TP_GCondominios/Dados/Proprietarios.cs" line="23" column="11" bodyfile="C:/Users/plmrj/Desktop/POO_T1_Código/TP_GCondominios/Dados/Proprietarios.cs" bodystart="24" bodyend="134"/>
    <listofallmembers>
      <member refid="class_dados_1_1_proprietarios_1ad0566bd48dde931806cffbe4d1de66fa" prot="public" virt="non-virtual"><scope>Dados::Proprietarios</scope><name>AdicionarProprietario</name></member>
      <member refid="class_dados_1_1_proprietarios_1a13fb6a531bae7553e4aeda1402c77b8c" prot="public" virt="non-virtual"><scope>Dados::Proprietarios</scope><name>CarregarProprietarios</name></member>
      <member refid="class_dados_1_1_proprietarios_1a2897e42f13c04979de04209241e34639" prot="public" virt="non-virtual"><scope>Dados::Proprietarios</scope><name>GravarProprietarios</name></member>
      <member refid="class_dados_1_1_proprietarios_1adf2e9ed8079a31e421a95e2aa08cd1d2" prot="private" virt="non-virtual"><scope>Dados::Proprietarios</scope><name>listaProprietarios</name></member>
      <member refid="class_dados_1_1_proprietarios_1a41e36a395c4ecc94cce6bf755181b304" prot="public" virt="non-virtual"><scope>Dados::Proprietarios</scope><name>ObterProprietarioPorNif</name></member>
      <member refid="class_dados_1_1_proprietarios_1afe75d8778830c6f8fdc58eb06a684e66" prot="public" virt="non-virtual"><scope>Dados::Proprietarios</scope><name>ObterProprietarios</name></member>
      <member refid="class_dados_1_1_proprietarios_1a465addf286aa275d4d5955a772b05737" prot="public" virt="non-virtual"><scope>Dados::Proprietarios</scope><name>Proprietarios</name></member>
    </listofallmembers>
  </compounddef>
</doxygen>
