<?xml version='1.0' encoding='UTF-8' standalone='no'?>
<doxygen xmlns:xsi="http://www.w3.org/2001/XMLSchema-instance" xsi:noNamespaceSchemaLocation="compound.xsd" version="1.9.8" xml:lang="en-US">
  <compounddef id="class_excecoes_1_1_proprietario_exception_1_1_proprietario_duplicado_exception" kind="class" language="C#" prot="public">
    <compoundname>Excecoes::ProprietarioException::ProprietarioDuplicadoException</compoundname>
    <basecompoundref refid="class_excecoes_1_1_proprietario_exception" prot="public" virt="non-virtual">Excecoes.ProprietarioException</basecompoundref>
    <sectiondef kind="public-func">
      <memberdef kind="function" id="class_excecoes_1_1_proprietario_exception_1_1_proprietario_duplicado_exception_1a3c15991d0721dc2e2cea400b60c58309" prot="public" static="no" const="no" explicit="no" inline="yes" virt="non-virtual">
        <type></type>
        <definition>Excecoes.ProprietarioException.ProprietarioDuplicadoException.ProprietarioDuplicadoException</definition>
        <argsstring>(string nif)</argsstring>
        <name>ProprietarioDuplicadoException</name>
        <qualifiedname>Excecoes.ProprietarioException.ProprietarioDuplicadoException.ProprietarioDuplicadoException</qualifiedname>
        <param>
          <type>string</type>
          <declname>nif</declname>
        </param>
        <briefdescription>
        </briefdescription>
        <detaileddescription>
        </detaileddescription>
        <inbodydescription>
        </inbodydescription>
        <location file="C:/Users/plmrj/Desktop/POO_T1_Código/TP_GCondominios/Excecoes/Excecoes.cs" line="366" column="20" bodyfile="C:/Users/plmrj/Desktop/POO_T1_Código/TP_GCondominios/Excecoes/Excecoes.cs" bodystart="366" bodyend="369"/>
      </memberdef>
    </sectiondef>
    <briefdescription>
<para>Exceção lançada quando um proprietário duplicado é adicionado à lista. </para>
    </briefdescription>
    <detaileddescription>
    </detaileddescription>
    <inheritancegraph>
      <node id="1">
        <label>Excecoes.ProprietarioException.ProprietarioDuplicadoException</label>
        <link refid="class_excecoes_1_1_proprietario_exception_1_1_proprietario_duplicado_exception"/>
        <childnode refid="2" relation="public-inheritance">
        </childnode>
      </node>
      <node id="3">
        <label>Exception</label>
      </node>
      <node id="2">
        <label>ProprietarioException</label>
        <link refid="class_excecoes_1_1_proprietario_exception"/>
        <childnode refid="3" relation="public-inheritance">
        </childnode>
      </node>
    </inheritancegraph>
    <collaborationgraph>
      <node id="1">
        <label>Excecoes.ProprietarioException.ProprietarioDuplicadoException</label>
        <link refid="class_excecoes_1_1_proprietario_exception_1_1_proprietario_duplicado_exception"/>
        <childnode refid="2" relation="public-inheritance">
        </childnode>
      </node>
      <node id="3">
        <label>Exception</label>
      </node>
      <node id="2">
        <label>ProprietarioException</label>
        <link refid="class_excecoes_1_1_proprietario_exception"/>
        <childnode refid="3" relation="public-inheritance">
        </childnode>
      </node>
    </collaborationgraph>
    <location file="C:/Users/plmrj/Desktop/POO_T1_Código/TP_GCondominios/Excecoes/Excecoes.cs" line="364" column="15" bodyfile="C:/Users/plmrj/Desktop/POO_T1_Código/TP_GCondominios/Excecoes/Excecoes.cs" bodystart="365" bodyend="370"/>
    <listofallmembers>
      <member refid="class_excecoes_1_1_proprietario_exception_1_1_proprietario_duplicado_exception_1a3c15991d0721dc2e2cea400b60c58309" prot="public" virt="non-virtual"><scope>Excecoes::ProprietarioException::ProprietarioDuplicadoException</scope><name>ProprietarioDuplicadoException</name></member>
      <member refid="class_excecoes_1_1_proprietario_exception_1a0d8cdb7d5f0dd971daa29203b79f753e" prot="public" virt="non-virtual"><scope>Excecoes::ProprietarioException::ProprietarioDuplicadoException</scope><name>ProprietarioException</name></member>
    </listofallmembers>
  </compounddef>
</doxygen>
