<?xml version='1.0' encoding='UTF-8' standalone='no'?>
<doxygen xmlns:xsi="http://www.w3.org/2001/XMLSchema-instance" xsi:noNamespaceSchemaLocation="compound.xsd" version="1.9.8" xml:lang="en-US">
  <compounddef id="class_excecoes_1_1_documento_exception_1_1_gravar_documentos_exception" kind="class" language="C#" prot="public">
    <compoundname>Excecoes::DocumentoException::GravarDocumentosException</compoundname>
    <basecompoundref refid="class_excecoes_1_1_documento_exception" prot="public" virt="non-virtual">Excecoes.DocumentoException</basecompoundref>
    <sectiondef kind="public-func">
      <memberdef kind="function" id="class_excecoes_1_1_documento_exception_1_1_gravar_documentos_exception_1a5a67b55fc19edc391eea2710b5f6daf3" prot="public" static="no" const="no" explicit="no" inline="yes" virt="non-virtual">
        <type></type>
        <definition>Excecoes.DocumentoException.GravarDocumentosException.GravarDocumentosException</definition>
        <argsstring>(string message)</argsstring>
        <name>GravarDocumentosException</name>
        <qualifiedname>Excecoes.DocumentoException.GravarDocumentosException.GravarDocumentosException</qualifiedname>
        <param>
          <type>string</type>
          <declname>message</declname>
        </param>
        <briefdescription>
        </briefdescription>
        <detaileddescription>
        </detaileddescription>
        <inbodydescription>
        </inbodydescription>
        <location file="C:/Users/plmrj/Desktop/POO_T1_Código/TP_GCondominios/Excecoes/Excecoes.cs" line="201" column="20" bodyfile="C:/Users/plmrj/Desktop/POO_T1_Código/TP_GCondominios/Excecoes/Excecoes.cs" bodystart="201" bodyend="204"/>
      </memberdef>
    </sectiondef>
    <briefdescription>
<para>Exceção lançada ao ocorrer um erro durante a gravação de documentos. </para>
    </briefdescription>
    <detaileddescription>
    </detaileddescription>
    <inheritancegraph>
      <node id="2">
        <label>DocumentoException</label>
        <link refid="class_excecoes_1_1_documento_exception"/>
        <childnode refid="3" relation="public-inheritance">
        </childnode>
      </node>
      <node id="1">
        <label>Excecoes.DocumentoException.GravarDocumentosException</label>
        <link refid="class_excecoes_1_1_documento_exception_1_1_gravar_documentos_exception"/>
        <childnode refid="2" relation="public-inheritance">
        </childnode>
      </node>
      <node id="3">
        <label>Exception</label>
      </node>
    </inheritancegraph>
    <collaborationgraph>
      <node id="2">
        <label>DocumentoException</label>
        <link refid="class_excecoes_1_1_documento_exception"/>
        <childnode refid="3" relation="public-inheritance">
        </childnode>
      </node>
      <node id="1">
        <label>Excecoes.DocumentoException.GravarDocumentosException</label>
        <link refid="class_excecoes_1_1_documento_exception_1_1_gravar_documentos_exception"/>
        <childnode refid="2" relation="public-inheritance">
        </childnode>
      </node>
      <node id="3">
        <label>Exception</label>
      </node>
    </collaborationgraph>
    <location file="C:/Users/plmrj/Desktop/POO_T1_Código/TP_GCondominios/Excecoes/Excecoes.cs" line="199" column="15" bodyfile="C:/Users/plmrj/Desktop/POO_T1_Código/TP_GCondominios/Excecoes/Excecoes.cs" bodystart="200" bodyend="205"/>
    <listofallmembers>
      <member refid="class_excecoes_1_1_documento_exception_1a6d51d6105c1fc36d9b3a80afac522908" prot="public" virt="non-virtual"><scope>Excecoes::DocumentoException::GravarDocumentosException</scope><name>DocumentoException</name></member>
      <member refid="class_excecoes_1_1_documento_exception_1_1_gravar_documentos_exception_1a5a67b55fc19edc391eea2710b5f6daf3" prot="public" virt="non-virtual"><scope>Excecoes::DocumentoException::GravarDocumentosException</scope><name>GravarDocumentosException</name></member>
    </listofallmembers>
  </compounddef>
</doxygen>
