<?xml version='1.0' encoding='UTF-8' standalone='no'?>
<doxygen xmlns:xsi="http://www.w3.org/2001/XMLSchema-instance" xsi:noNamespaceSchemaLocation="compound.xsd" version="1.9.8" xml:lang="en-US">
  <compounddef id="class_regras_negocio_1_1_reuniao_regras" kind="class" language="C#" prot="public">
    <compoundname>RegrasNegocio::ReuniaoRegras</compoundname>
    <sectiondef kind="public-static-func">
      <memberdef kind="function" id="class_regras_negocio_1_1_reuniao_regras_1a69d90194ef776a6514b02ecdc24bf559" prot="public" static="yes" const="no" explicit="no" inline="yes" virt="non-virtual">
        <type>void</type>
        <definition>static void RegrasNegocio.ReuniaoRegras.ValidarReuniao</definition>
        <argsstring>(Reuniao reuniao)</argsstring>
        <name>ValidarReuniao</name>
        <qualifiedname>RegrasNegocio.ReuniaoRegras.ValidarReuniao</qualifiedname>
        <param>
          <type><ref refid="class_objetos_negocio_1_1_reuniao" kindref="compound">Reuniao</ref></type>
          <declname>reuniao</declname>
        </param>
        <briefdescription>
        </briefdescription>
        <detaileddescription>
        </detaileddescription>
        <inbodydescription>
        </inbodydescription>
        <location file="C:/Users/plmrj/Desktop/POO_T1_Código/TP_GCondominios/RegrasNegocio/Regras.cs" line="137" column="28" bodyfile="C:/Users/plmrj/Desktop/POO_T1_Código/TP_GCondominios/RegrasNegocio/Regras.cs" bodystart="137" bodyend="158"/>
      </memberdef>
    </sectiondef>
    <briefdescription>
    </briefdescription>
    <detaileddescription>
    </detaileddescription>
    <location file="C:/Users/plmrj/Desktop/POO_T1_Código/TP_GCondominios/RegrasNegocio/Regras.cs" line="135" column="19" bodyfile="C:/Users/plmrj/Desktop/POO_T1_Código/TP_GCondominios/RegrasNegocio/Regras.cs" bodystart="136" bodyend="159"/>
    <listofallmembers>
      <member refid="class_regras_negocio_1_1_reuniao_regras_1a69d90194ef776a6514b02ecdc24bf559" prot="public" virt="non-virtual"><scope>RegrasNegocio::ReuniaoRegras</scope><name>ValidarReuniao</name></member>
    </listofallmembers>
  </compounddef>
</doxygen>
