<?xml version='1.0' encoding='UTF-8' standalone='no'?>
<doxygen xmlns:xsi="http://www.w3.org/2001/XMLSchema-instance" xsi:noNamespaceSchemaLocation="compound.xsd" version="1.9.8" xml:lang="en-US">
  <compounddef id="class_excecoes_1_1_imovel_exception" kind="class" language="C#" prot="public">
    <compoundname>Excecoes::ImovelException</compoundname>
    <basecompoundref prot="public" virt="non-virtual">Exception</basecompoundref>
    <derivedcompoundref refid="class_excecoes_1_1_imovel_exception_1_1_carregar_imoveis_exception" prot="public" virt="non-virtual">Excecoes.ImovelException.CarregarImoveisException</derivedcompoundref>
    <derivedcompoundref refid="class_excecoes_1_1_imovel_exception_1_1_despesas_imovel_vazias_exception" prot="public" virt="non-virtual">Excecoes.ImovelException.DespesasImovelVaziasException</derivedcompoundref>
    <derivedcompoundref refid="class_excecoes_1_1_imovel_exception_1_1_endereco_imovel_nulo_ou_vazio_exception" prot="public" virt="non-virtual">Excecoes.ImovelException.EnderecoImovelNuloOuVazioException</derivedcompoundref>
    <derivedcompoundref refid="class_excecoes_1_1_imovel_exception_1_1_gravar_imoveis_exception" prot="public" virt="non-virtual">Excecoes.ImovelException.GravarImoveisException</derivedcompoundref>
    <derivedcompoundref refid="class_excecoes_1_1_imovel_exception_1_1_imovel_duplicado_exception" prot="public" virt="non-virtual">Excecoes.ImovelException.ImovelDuplicadoException</derivedcompoundref>
    <derivedcompoundref refid="class_excecoes_1_1_imovel_exception_1_1_proprietarios_imovel_vazios_exception" prot="public" virt="non-virtual">Excecoes.ImovelException.ProprietariosImovelVaziosException</derivedcompoundref>
    <derivedcompoundref refid="class_excecoes_1_1_imovel_exception_1_1_quotas_imovel_vazias_exception" prot="public" virt="non-virtual">Excecoes.ImovelException.QuotasImovelVaziasException</derivedcompoundref>
    <innerclass refid="class_excecoes_1_1_imovel_exception_1_1_carregar_imoveis_exception" prot="public">Excecoes::ImovelException::CarregarImoveisException</innerclass>
    <innerclass refid="class_excecoes_1_1_imovel_exception_1_1_despesas_imovel_vazias_exception" prot="public">Excecoes::ImovelException::DespesasImovelVaziasException</innerclass>
    <innerclass refid="class_excecoes_1_1_imovel_exception_1_1_endereco_imovel_nulo_ou_vazio_exception" prot="public">Excecoes::ImovelException::EnderecoImovelNuloOuVazioException</innerclass>
    <innerclass refid="class_excecoes_1_1_imovel_exception_1_1_gravar_imoveis_exception" prot="public">Excecoes::ImovelException::GravarImoveisException</innerclass>
    <innerclass refid="class_excecoes_1_1_imovel_exception_1_1_imovel_duplicado_exception" prot="public">Excecoes::ImovelException::ImovelDuplicadoException</innerclass>
    <innerclass refid="class_excecoes_1_1_imovel_exception_1_1_proprietarios_imovel_vazios_exception" prot="public">Excecoes::ImovelException::ProprietariosImovelVaziosException</innerclass>
    <innerclass refid="class_excecoes_1_1_imovel_exception_1_1_quotas_imovel_vazias_exception" prot="public">Excecoes::ImovelException::QuotasImovelVaziasException</innerclass>
    <sectiondef kind="public-func">
      <memberdef kind="function" id="class_excecoes_1_1_imovel_exception_1af3553d310f71fcd16dd4a8f303f17164" prot="public" static="no" const="no" explicit="no" inline="yes" virt="non-virtual">
        <type></type>
        <definition>Excecoes.ImovelException.ImovelException</definition>
        <argsstring>(string message)</argsstring>
        <name>ImovelException</name>
        <qualifiedname>Excecoes.ImovelException.ImovelException</qualifiedname>
        <param>
          <type>string</type>
          <declname>message</declname>
        </param>
        <briefdescription>
        </briefdescription>
        <detaileddescription>
        </detaileddescription>
        <inbodydescription>
        </inbodydescription>
        <location file="C:/Users/plmrj/Desktop/POO_T1_Código/TP_GCondominios/Excecoes/Excecoes.cs" line="488" column="16" bodyfile="C:/Users/plmrj/Desktop/POO_T1_Código/TP_GCondominios/Excecoes/Excecoes.cs" bodystart="488" bodyend="491"/>
      </memberdef>
    </sectiondef>
    <briefdescription>
<para>Exceção base para o domínio de Imóvel. </para>
    </briefdescription>
    <detaileddescription>
    </detaileddescription>
    <inheritancegraph>
      <node id="1">
        <label>Excecoes.ImovelException</label>
        <link refid="class_excecoes_1_1_imovel_exception"/>
        <childnode refid="2" relation="public-inheritance">
        </childnode>
      </node>
      <node id="3">
        <label>Excecoes.ImovelException.CarregarImoveisException</label>
        <link refid="class_excecoes_1_1_imovel_exception_1_1_carregar_imoveis_exception"/>
        <childnode refid="1" relation="public-inheritance">
        </childnode>
      </node>
      <node id="4">
        <label>Excecoes.ImovelException.DespesasImovelVaziasException</label>
        <link refid="class_excecoes_1_1_imovel_exception_1_1_despesas_imovel_vazias_exception"/>
        <childnode refid="1" relation="public-inheritance">
        </childnode>
      </node>
      <node id="5">
        <label>Excecoes.ImovelException.EnderecoImovelNuloOuVazioException</label>
        <link refid="class_excecoes_1_1_imovel_exception_1_1_endereco_imovel_nulo_ou_vazio_exception"/>
        <childnode refid="1" relation="public-inheritance">
        </childnode>
      </node>
      <node id="6">
        <label>Excecoes.ImovelException.GravarImoveisException</label>
        <link refid="class_excecoes_1_1_imovel_exception_1_1_gravar_imoveis_exception"/>
        <childnode refid="1" relation="public-inheritance">
        </childnode>
      </node>
      <node id="7">
        <label>Excecoes.ImovelException.ImovelDuplicadoException</label>
        <link refid="class_excecoes_1_1_imovel_exception_1_1_imovel_duplicado_exception"/>
        <childnode refid="1" relation="public-inheritance">
        </childnode>
      </node>
      <node id="8">
        <label>Excecoes.ImovelException.ProprietariosImovelVaziosException</label>
        <link refid="class_excecoes_1_1_imovel_exception_1_1_proprietarios_imovel_vazios_exception"/>
        <childnode refid="1" relation="public-inheritance">
        </childnode>
      </node>
      <node id="9">
        <label>Excecoes.ImovelException.QuotasImovelVaziasException</label>
        <link refid="class_excecoes_1_1_imovel_exception_1_1_quotas_imovel_vazias_exception"/>
        <childnode refid="1" relation="public-inheritance">
        </childnode>
      </node>
      <node id="2">
        <label>Exception</label>
      </node>
    </inheritancegraph>
    <collaborationgraph>
      <node id="1">
        <label>Excecoes.ImovelException</label>
        <link refid="class_excecoes_1_1_imovel_exception"/>
        <childnode refid="2" relation="public-inheritance">
        </childnode>
      </node>
      <node id="2">
        <label>Exception</label>
      </node>
    </collaborationgraph>
    <location file="C:/Users/plmrj/Desktop/POO_T1_Código/TP_GCondominios/Excecoes/Excecoes.cs" line="486" column="11" bodyfile="C:/Users/plmrj/Desktop/POO_T1_Código/TP_GCondominios/Excecoes/Excecoes.cs" bodystart="487" bodyend="569"/>
    <listofallmembers>
      <member refid="class_excecoes_1_1_imovel_exception_1af3553d310f71fcd16dd4a8f303f17164" prot="public" virt="non-virtual"><scope>Excecoes::ImovelException</scope><name>ImovelException</name></member>
    </listofallmembers>
  </compounddef>
</doxygen>
