<?xml version='1.0' encoding='UTF-8' standalone='no'?>
<doxygen xmlns:xsi="http://www.w3.org/2001/XMLSchema-instance" xsi:noNamespaceSchemaLocation="compound.xsd" version="1.9.8" xml:lang="en-US">
  <compounddef id="class_dados_1_1_reunioes" kind="class" language="C#" prot="public">
    <compoundname>Dados::Reunioes</compoundname>
    <sectiondef kind="private-attrib">
      <memberdef kind="variable" id="class_dados_1_1_reunioes_1a2b2c0edc8360f810abeadcbde5512ea2" prot="private" static="no" mutable="no">
        <type>List&lt; <ref refid="class_objetos_negocio_1_1_reuniao" kindref="compound">Reuniao</ref> &gt;</type>
        <definition>List&lt;Reuniao&gt; Dados.Reunioes.listaReunioes</definition>
        <argsstring></argsstring>
        <name>listaReunioes</name>
        <qualifiedname>Dados.Reunioes.listaReunioes</qualifiedname>
        <briefdescription>
        </briefdescription>
        <detaileddescription>
        </detaileddescription>
        <inbodydescription>
        </inbodydescription>
        <location file="C:/Users/plmrj/Desktop/POO_T1_Código/TP_GCondominios/Dados/Reunioes.cs" line="28" column="22" bodyfile="C:/Users/plmrj/Desktop/POO_T1_Código/TP_GCondominios/Dados/Reunioes.cs" bodystart="28" bodyend="-1"/>
      </memberdef>
    </sectiondef>
    <sectiondef kind="public-func">
      <memberdef kind="function" id="class_dados_1_1_reunioes_1ae4d7129e29c2c2d36ee154c597b46280" prot="public" static="no" const="no" explicit="no" inline="yes" virt="non-virtual">
        <type></type>
        <definition>Dados.Reunioes.Reunioes</definition>
        <argsstring>()</argsstring>
        <name>Reunioes</name>
        <qualifiedname>Dados.Reunioes.Reunioes</qualifiedname>
        <briefdescription>
<para>Inicializa uma nova instância da classe Reuniões. </para>
        </briefdescription>
        <detaileddescription>
        </detaileddescription>
        <inbodydescription>
        </inbodydescription>
        <location file="C:/Users/plmrj/Desktop/POO_T1_Código/TP_GCondominios/Dados/Reunioes.cs" line="39" column="16" bodyfile="C:/Users/plmrj/Desktop/POO_T1_Código/TP_GCondominios/Dados/Reunioes.cs" bodystart="39" bodyend="42"/>
      </memberdef>
      <memberdef kind="function" id="class_dados_1_1_reunioes_1a9849bd2ed7ee5656ca4c4937da0b5085" prot="public" static="no" const="no" explicit="no" inline="yes" virt="non-virtual">
        <type>void</type>
        <definition>void Dados.Reunioes.AdicionarReuniao</definition>
        <argsstring>(Reuniao reuniao, bool lancaExcecao=false)</argsstring>
        <name>AdicionarReuniao</name>
        <qualifiedname>Dados.Reunioes.AdicionarReuniao</qualifiedname>
        <param>
          <type><ref refid="class_objetos_negocio_1_1_reuniao" kindref="compound">Reuniao</ref></type>
          <declname>reuniao</declname>
        </param>
        <param>
          <type>bool</type>
          <declname>lancaExcecao</declname>
          <defval>false</defval>
        </param>
        <briefdescription>
<para>Adiciona uma nova reunião à lista. </para>
        </briefdescription>
        <detaileddescription>
<para><parameterlist kind="param"><parameteritem>
<parameternamelist>
<parametername>reuniao</parametername>
</parameternamelist>
<parameterdescription>
<para>A reunião a ser adicionada.</para>
</parameterdescription>
</parameteritem>
<parameteritem>
<parameternamelist>
<parametername>lancaExcecao</parametername>
</parameternamelist>
<parameterdescription>
<para>Indica se deve lançar uma exceção em caso de reunião duplicada.</para>
</parameterdescription>
</parameteritem>
</parameterlist>
<parameterlist kind="exception"><parameteritem>
<parameternamelist>
<parametername>ReuniaoException.ReuniaoDuplicadaException</parametername>
</parameternamelist>
<parameterdescription>
<para>Lançada em caso de reunião duplicada.</para>
</parameterdescription>
</parameteritem>
</parameterlist>
</para>
        </detaileddescription>
        <inbodydescription>
        </inbodydescription>
        <location file="C:/Users/plmrj/Desktop/POO_T1_Código/TP_GCondominios/Dados/Reunioes.cs" line="57" column="21" bodyfile="C:/Users/plmrj/Desktop/POO_T1_Código/TP_GCondominios/Dados/Reunioes.cs" bodystart="57" bodyend="71"/>
      </memberdef>
      <memberdef kind="function" id="class_dados_1_1_reunioes_1a9277ad5f59485f637f6613def3c2e592" prot="public" static="no" const="no" explicit="no" inline="yes" virt="non-virtual">
        <type>List&lt; <ref refid="class_objetos_negocio_1_1_reuniao" kindref="compound">Reuniao</ref> &gt;</type>
        <definition>List&lt; Reuniao &gt; Dados.Reunioes.ObterReunioes</definition>
        <argsstring>()</argsstring>
        <name>ObterReunioes</name>
        <qualifiedname>Dados.Reunioes.ObterReunioes</qualifiedname>
        <briefdescription>
<para>Obtém a lista de todas as reuniões. </para>
        </briefdescription>
        <detaileddescription>
<para><simplesect kind="return"><para>A lista de reuniões.</para>
</simplesect>
</para>
        </detaileddescription>
        <inbodydescription>
        </inbodydescription>
        <location file="C:/Users/plmrj/Desktop/POO_T1_Código/TP_GCondominios/Dados/Reunioes.cs" line="77" column="21" bodyfile="C:/Users/plmrj/Desktop/POO_T1_Código/TP_GCondominios/Dados/Reunioes.cs" bodystart="77" bodyend="80"/>
      </memberdef>
      <memberdef kind="function" id="class_dados_1_1_reunioes_1aff114de80c8f48c65d745c0eaba00f85" prot="public" static="no" const="no" explicit="no" inline="yes" virt="non-virtual">
        <type><ref refid="class_objetos_negocio_1_1_reuniao" kindref="compound">Reuniao</ref>?</type>
        <definition>Reuniao? Dados.Reunioes.ObterReuniao</definition>
        <argsstring>(DateTime data, TimeSpan hora)</argsstring>
        <name>ObterReuniao</name>
        <qualifiedname>Dados.Reunioes.ObterReuniao</qualifiedname>
        <param>
          <type>DateTime</type>
          <declname>data</declname>
        </param>
        <param>
          <type>TimeSpan</type>
          <declname>hora</declname>
        </param>
        <briefdescription>
<para>Obtém uma reunião com base na data e hora. </para>
        </briefdescription>
        <detaileddescription>
<para><parameterlist kind="param"><parameteritem>
<parameternamelist>
<parametername>data</parametername>
</parameternamelist>
<parameterdescription>
<para>A data da reunião.</para>
</parameterdescription>
</parameteritem>
<parameteritem>
<parameternamelist>
<parametername>hora</parametername>
</parameternamelist>
<parameterdescription>
<para>A hora da reunião.</para>
</parameterdescription>
</parameteritem>
</parameterlist>
<simplesect kind="return"><para>A reunião correspondente ou null se não encontrada.</para>
</simplesect>
</para>
        </detaileddescription>
        <inbodydescription>
        </inbodydescription>
        <location file="C:/Users/plmrj/Desktop/POO_T1_Código/TP_GCondominios/Dados/Reunioes.cs" line="88" column="24" bodyfile="C:/Users/plmrj/Desktop/POO_T1_Código/TP_GCondominios/Dados/Reunioes.cs" bodystart="88" bodyend="91"/>
      </memberdef>
      <memberdef kind="function" id="class_dados_1_1_reunioes_1acd9a0aad52b48852d22a79536387c141" prot="public" static="no" const="no" explicit="no" inline="yes" virt="non-virtual">
        <type>void</type>
        <definition>void Dados.Reunioes.GravarReunioes</definition>
        <argsstring>(string caminhoArquivo)</argsstring>
        <name>GravarReunioes</name>
        <qualifiedname>Dados.Reunioes.GravarReunioes</qualifiedname>
        <param>
          <type>string</type>
          <declname>caminhoArquivo</declname>
        </param>
        <briefdescription>
<para>Grava a lista de reuniões em um arquivo usando serialização JSON. </para>
        </briefdescription>
        <detaileddescription>
<para><parameterlist kind="param"><parameteritem>
<parameternamelist>
<parametername>caminhoArquivo</parametername>
</parameternamelist>
<parameterdescription>
<para>O caminho do arquivo para salvar.</para>
</parameterdescription>
</parameteritem>
</parameterlist>
<parameterlist kind="exception"><parameteritem>
<parameternamelist>
<parametername>ReuniaoException.GravarReunioesException</parametername>
</parameternamelist>
<parameterdescription>
<para>Lançada em caso de erro ao gravar reuniões.</para>
</parameterdescription>
</parameteritem>
</parameterlist>
</para>
        </detaileddescription>
        <inbodydescription>
        </inbodydescription>
        <location file="C:/Users/plmrj/Desktop/POO_T1_Código/TP_GCondominios/Dados/Reunioes.cs" line="98" column="21" bodyfile="C:/Users/plmrj/Desktop/POO_T1_Código/TP_GCondominios/Dados/Reunioes.cs" bodystart="98" bodyend="109"/>
      </memberdef>
      <memberdef kind="function" id="class_dados_1_1_reunioes_1a904c927b94a9a6942672e77163b5c945" prot="public" static="no" const="no" explicit="no" inline="yes" virt="non-virtual">
        <type>void</type>
        <definition>void Dados.Reunioes.CarregarReunioes</definition>
        <argsstring>(string caminhoArquivo)</argsstring>
        <name>CarregarReunioes</name>
        <qualifiedname>Dados.Reunioes.CarregarReunioes</qualifiedname>
        <param>
          <type>string</type>
          <declname>caminhoArquivo</declname>
        </param>
        <briefdescription>
<para>Carrega a lista de reuniões a partir de um arquivo usando desserialização JSON. </para>
        </briefdescription>
        <detaileddescription>
<para><parameterlist kind="param"><parameteritem>
<parameternamelist>
<parametername>caminhoArquivo</parametername>
</parameternamelist>
<parameterdescription>
<para>O caminho do arquivo para carregar.</para>
</parameterdescription>
</parameteritem>
</parameterlist>
<parameterlist kind="exception"><parameteritem>
<parameternamelist>
<parametername>ReuniaoException.CarregarReunioesException</parametername>
</parameternamelist>
<parameterdescription>
<para>Lançada em caso de erro ao carregar reuniões.</para>
</parameterdescription>
</parameteritem>
</parameterlist>
</para>
        </detaileddescription>
        <inbodydescription>
        </inbodydescription>
        <location file="C:/Users/plmrj/Desktop/POO_T1_Código/TP_GCondominios/Dados/Reunioes.cs" line="116" column="21" bodyfile="C:/Users/plmrj/Desktop/POO_T1_Código/TP_GCondominios/Dados/Reunioes.cs" bodystart="116" bodyend="127"/>
      </memberdef>
    </sectiondef>
    <briefdescription>
<para>Classe responsável por armazenar e gerenciar informações sobre reuniões. </para>
    </briefdescription>
    <detaileddescription>
    </detaileddescription>
    <location file="C:/Users/plmrj/Desktop/POO_T1_Código/TP_GCondominios/Dados/Reunioes.cs" line="23" column="11" bodyfile="C:/Users/plmrj/Desktop/POO_T1_Código/TP_GCondominios/Dados/Reunioes.cs" bodystart="24" bodyend="132"/>
    <listofallmembers>
      <member refid="class_dados_1_1_reunioes_1a9849bd2ed7ee5656ca4c4937da0b5085" prot="public" virt="non-virtual"><scope>Dados::Reunioes</scope><name>AdicionarReuniao</name></member>
      <member refid="class_dados_1_1_reunioes_1a904c927b94a9a6942672e77163b5c945" prot="public" virt="non-virtual"><scope>Dados::Reunioes</scope><name>CarregarReunioes</name></member>
      <member refid="class_dados_1_1_reunioes_1acd9a0aad52b48852d22a79536387c141" prot="public" virt="non-virtual"><scope>Dados::Reunioes</scope><name>GravarReunioes</name></member>
      <member refid="class_dados_1_1_reunioes_1a2b2c0edc8360f810abeadcbde5512ea2" prot="private" virt="non-virtual"><scope>Dados::Reunioes</scope><name>listaReunioes</name></member>
      <member refid="class_dados_1_1_reunioes_1aff114de80c8f48c65d745c0eaba00f85" prot="public" virt="non-virtual"><scope>Dados::Reunioes</scope><name>ObterReuniao</name></member>
      <member refid="class_dados_1_1_reunioes_1a9277ad5f59485f637f6613def3c2e592" prot="public" virt="non-virtual"><scope>Dados::Reunioes</scope><name>ObterReunioes</name></member>
      <member refid="class_dados_1_1_reunioes_1ae4d7129e29c2c2d36ee154c597b46280" prot="public" virt="non-virtual"><scope>Dados::Reunioes</scope><name>Reunioes</name></member>
    </listofallmembers>
  </compounddef>
</doxygen>
