<?xml version='1.0' encoding='UTF-8' standalone='no'?>
<doxygen xmlns:xsi="http://www.w3.org/2001/XMLSchema-instance" xsi:noNamespaceSchemaLocation="compound.xsd" version="1.9.8" xml:lang="en-US">
  <compounddef id="class_excecoes_1_1_despesa_exception_1_1_imovel_despesa_nulo_ou_vazio_exception" kind="class" language="C#" prot="public">
    <compoundname>Excecoes::DespesaException::ImovelDespesaNuloOuVazioException</compoundname>
    <basecompoundref refid="class_excecoes_1_1_despesa_exception" prot="public" virt="non-virtual">Excecoes.DespesaException</basecompoundref>
    <sectiondef kind="public-func">
      <memberdef kind="function" id="class_excecoes_1_1_despesa_exception_1_1_imovel_despesa_nulo_ou_vazio_exception_1a762e22927d6cb6a21bad881f4f3665c1" prot="public" static="no" const="no" explicit="no" inline="yes" virt="non-virtual">
        <type></type>
        <definition>Excecoes.DespesaException.ImovelDespesaNuloOuVazioException.ImovelDespesaNuloOuVazioException</definition>
        <argsstring>()</argsstring>
        <name>ImovelDespesaNuloOuVazioException</name>
        <qualifiedname>Excecoes.DespesaException.ImovelDespesaNuloOuVazioException.ImovelDespesaNuloOuVazioException</qualifiedname>
        <briefdescription>
        </briefdescription>
        <detaileddescription>
        </detaileddescription>
        <inbodydescription>
        </inbodydescription>
        <location file="C:/Users/plmrj/Desktop/POO_T1_Código/TP_GCondominios/Excecoes/Excecoes.cs" line="421" column="20" bodyfile="C:/Users/plmrj/Desktop/POO_T1_Código/TP_GCondominios/Excecoes/Excecoes.cs" bodystart="421" bodyend="424"/>
      </memberdef>
    </sectiondef>
    <briefdescription>
<para>Exceção lançada quando o imóvel associado à despesa é nulo ou vazio. </para>
    </briefdescription>
    <detaileddescription>
    </detaileddescription>
    <inheritancegraph>
      <node id="2">
        <label>DespesaException</label>
        <link refid="class_excecoes_1_1_despesa_exception"/>
        <childnode refid="3" relation="public-inheritance">
        </childnode>
      </node>
      <node id="1">
        <label>Excecoes.DespesaException.ImovelDespesaNuloOuVazioException</label>
        <link refid="class_excecoes_1_1_despesa_exception_1_1_imovel_despesa_nulo_ou_vazio_exception"/>
        <childnode refid="2" relation="public-inheritance">
        </childnode>
      </node>
      <node id="3">
        <label>Exception</label>
      </node>
    </inheritancegraph>
    <collaborationgraph>
      <node id="2">
        <label>DespesaException</label>
        <link refid="class_excecoes_1_1_despesa_exception"/>
        <childnode refid="3" relation="public-inheritance">
        </childnode>
      </node>
      <node id="1">
        <label>Excecoes.DespesaException.ImovelDespesaNuloOuVazioException</label>
        <link refid="class_excecoes_1_1_despesa_exception_1_1_imovel_despesa_nulo_ou_vazio_exception"/>
        <childnode refid="2" relation="public-inheritance">
        </childnode>
      </node>
      <node id="3">
        <label>Exception</label>
      </node>
    </collaborationgraph>
    <location file="C:/Users/plmrj/Desktop/POO_T1_Código/TP_GCondominios/Excecoes/Excecoes.cs" line="419" column="15" bodyfile="C:/Users/plmrj/Desktop/POO_T1_Código/TP_GCondominios/Excecoes/Excecoes.cs" bodystart="420" bodyend="425"/>
    <listofallmembers>
      <member refid="class_excecoes_1_1_despesa_exception_1ad5b96f468440b4d35f3f06d94fe64082" prot="public" virt="non-virtual"><scope>Excecoes::DespesaException::ImovelDespesaNuloOuVazioException</scope><name>DespesaException</name></member>
      <member refid="class_excecoes_1_1_despesa_exception_1_1_imovel_despesa_nulo_ou_vazio_exception_1a762e22927d6cb6a21bad881f4f3665c1" prot="public" virt="non-virtual"><scope>Excecoes::DespesaException::ImovelDespesaNuloOuVazioException</scope><name>ImovelDespesaNuloOuVazioException</name></member>
    </listofallmembers>
  </compounddef>
</doxygen>
