<?xml version='1.0' encoding='UTF-8' standalone='no'?>
<doxygen xmlns:xsi="http://www.w3.org/2001/XMLSchema-instance" xsi:noNamespaceSchemaLocation="compound.xsd" version="1.9.8" xml:lang="en-US">
  <compounddef id="dir_d522931ffa1371640980b621734a4381" kind="dir">
    <compoundname>C:/Users</compoundname>
    <innerdir refid="dir_590d1d3bec3ce9e5579002320fbb977c">C:/Users/plmrj</innerdir>
    <briefdescription>
    </briefdescription>
    <detaileddescription>
    </detaileddescription>
    <location file="C:/Users/"/>
  </compounddef>
</doxygen>
