<?xml version='1.0' encoding='UTF-8' standalone='no'?>
<doxygen xmlns:xsi="http://www.w3.org/2001/XMLSchema-instance" xsi:noNamespaceSchemaLocation="compound.xsd" version="1.9.8" xml:lang="en-US">
  <compounddef id="dir_0e730e8d1725b2d47c8e718511e8c262" kind="dir">
    <compoundname>C:/Users/plmrj/Desktop/POO_T1_Código/TP_GCondominios/ObjetosNegocio/obj/Debug</compoundname>
    <innerdir refid="dir_bb197f53fd5a9685e47b1c2553c0d739">C:/Users/plmrj/Desktop/POO_T1_Código/TP_GCondominios/ObjetosNegocio/obj/Debug/net8.0</innerdir>
    <briefdescription>
    </briefdescription>
    <detaileddescription>
    </detaileddescription>
    <location file="C:/Users/plmrj/Desktop/POO_T1_Código/TP_GCondominios/ObjetosNegocio/obj/Debug/"/>
  </compounddef>
</doxygen>
