<?xml version='1.0' encoding='UTF-8' standalone='no'?>
<doxygen xmlns:xsi="http://www.w3.org/2001/XMLSchema-instance" xsi:noNamespaceSchemaLocation="compound.xsd" version="1.9.8" xml:lang="en-US">
  <compounddef id="dir_a16b36364c70249096e9fc48039ca881" kind="dir">
    <compoundname>C:/Users/plmrj/Desktop/POO_T1_Código/TP_GCondominios/Dados/obj</compoundname>
    <innerdir refid="dir_03df54e8c46678b2be37adc1e0dd136b">C:/Users/plmrj/Desktop/POO_T1_Código/TP_GCondominios/Dados/obj/Debug</innerdir>
    <briefdescription>
    </briefdescription>
    <detaileddescription>
    </detaileddescription>
    <location file="C:/Users/plmrj/Desktop/POO_T1_Código/TP_GCondominios/Dados/obj/"/>
  </compounddef>
</doxygen>
