<?xml version='1.0' encoding='UTF-8' standalone='no'?>
<doxygen xmlns:xsi="http://www.w3.org/2001/XMLSchema-instance" xsi:noNamespaceSchemaLocation="compound.xsd" version="1.9.8" xml:lang="en-US">
  <compounddef id="dir_bd80b35023eb1f8517e51e1e97bf1d53" kind="dir">
    <compoundname>C:/Users/plmrj/Desktop/POO_T1_Código/TP_GCondominios/TP_GCondominios/obj</compoundname>
    <innerdir refid="dir_0ab4df06d10314a0de19ffe2126ca411">C:/Users/plmrj/Desktop/POO_T1_Código/TP_GCondominios/TP_GCondominios/obj/Debug</innerdir>
    <briefdescription>
    </briefdescription>
    <detaileddescription>
    </detaileddescription>
    <location file="C:/Users/plmrj/Desktop/POO_T1_Código/TP_GCondominios/TP_GCondominios/obj/"/>
  </compounddef>
</doxygen>
