<?xml version='1.0' encoding='UTF-8' standalone='no'?>
<doxygen xmlns:xsi="http://www.w3.org/2001/XMLSchema-instance" xsi:noNamespaceSchemaLocation="compound.xsd" version="1.9.8" xml:lang="en-US">
  <compounddef id="dir_7343d2022d149e42c02c5af43fb96497" kind="dir">
    <compoundname>C:/Users/plmrj/Desktop/POO_T1_Código/TP_GCondominios/RegrasNegocio/obj/Debug</compoundname>
    <innerdir refid="dir_b24998dea8185343ebdd34cb2cb22c96">C:/Users/plmrj/Desktop/POO_T1_Código/TP_GCondominios/RegrasNegocio/obj/Debug/net8.0</innerdir>
    <briefdescription>
    </briefdescription>
    <detaileddescription>
    </detaileddescription>
    <location file="C:/Users/plmrj/Desktop/POO_T1_Código/TP_GCondominios/RegrasNegocio/obj/Debug/"/>
  </compounddef>
</doxygen>
