<?xml version='1.0' encoding='UTF-8' standalone='no'?>
<doxygen xmlns:xsi="http://www.w3.org/2001/XMLSchema-instance" xsi:noNamespaceSchemaLocation="compound.xsd" version="1.9.8" xml:lang="en-US">
  <compounddef id="dir_590d1d3bec3ce9e5579002320fbb977c" kind="dir">
    <compoundname>C:/Users/plmrj</compoundname>
    <innerdir refid="dir_dc243c50671ef4f205665136e08c9766">C:/Users/plmrj/Desktop</innerdir>
    <briefdescription>
    </briefdescription>
    <detaileddescription>
    </detaileddescription>
    <location file="C:/Users/plmrj/"/>
  </compounddef>
</doxygen>
