<?xml version='1.0' encoding='UTF-8' standalone='no'?>
<doxygen xmlns:xsi="http://www.w3.org/2001/XMLSchema-instance" xsi:noNamespaceSchemaLocation="compound.xsd" version="1.9.8" xml:lang="en-US">
  <compounddef id="dir_7c2e0486554cbcbdcbd69a85c4631c2b" kind="dir">
    <compoundname>C:/Users/plmrj/Desktop/POO_T1_Código</compoundname>
    <innerdir refid="dir_a3d567089aab30641c87d7df1bfe9dae">C:/Users/plmrj/Desktop/POO_T1_Código/TP_GCondominios</innerdir>
    <briefdescription>
    </briefdescription>
    <detaileddescription>
    </detaileddescription>
    <location file="C:/Users/plmrj/Desktop/POO_T1_Código/"/>
  </compounddef>
</doxygen>
