<?xml version='1.0' encoding='UTF-8' standalone='no'?>
<doxygen xmlns:xsi="http://www.w3.org/2001/XMLSchema-instance" xsi:noNamespaceSchemaLocation="compound.xsd" version="1.9.8" xml:lang="en-US">
  <compounddef id="dir_017d3ac509159834b81bbadff73d7bba" kind="dir">
    <compoundname>C:/Users/plmrj/Desktop/POO_T1_Código/TP_GCondominios/Excecoes/obj</compoundname>
    <innerdir refid="dir_807334beb8e7e901fd75b488dce94dc2">C:/Users/plmrj/Desktop/POO_T1_Código/TP_GCondominios/Excecoes/obj/Debug</innerdir>
    <briefdescription>
    </briefdescription>
    <detaileddescription>
    </detaileddescription>
    <location file="C:/Users/plmrj/Desktop/POO_T1_Código/TP_GCondominios/Excecoes/obj/"/>
  </compounddef>
</doxygen>
