<?xml version='1.0' encoding='UTF-8' standalone='no'?>
<doxygen xmlns:xsi="http://www.w3.org/2001/XMLSchema-instance" xsi:noNamespaceSchemaLocation="compound.xsd" version="1.9.8" xml:lang="en-US">
  <compounddef id="dir_1e36dc6d1a649eae2964c75c7f8267d3" kind="dir">
    <compoundname>C:/Users/plmrj/Desktop/POO_T1_Código/TP_GCondominios/RegrasNegocio</compoundname>
    <innerdir refid="dir_e36c8ef43a38bd451d157d04fab4a0c4">C:/Users/plmrj/Desktop/POO_T1_Código/TP_GCondominios/RegrasNegocio/obj</innerdir>
    <innerfile refid="_regras_8cs">Regras.cs</innerfile>
    <briefdescription>
    </briefdescription>
    <detaileddescription>
    </detaileddescription>
    <location file="C:/Users/plmrj/Desktop/POO_T1_Código/TP_GCondominios/RegrasNegocio/"/>
  </compounddef>
</doxygen>
