<?xml version='1.0' encoding='UTF-8' standalone='no'?>
<doxygen xmlns:xsi="http://www.w3.org/2001/XMLSchema-instance" xsi:noNamespaceSchemaLocation="compound.xsd" version="1.9.8" xml:lang="en-US">
  <compounddef id="dir_3747a065af505509c49b867e63d9f27a" kind="dir">
    <compoundname>C:/Users/plmrj/Desktop/POO_T1_Código/TP_GCondominios/Excecoes/Properties</compoundname>
    <innerfile refid="_excecoes_2_properties_2_assembly_info_8cs">AssemblyInfo.cs</innerfile>
    <briefdescription>
    </briefdescription>
    <detaileddescription>
    </detaileddescription>
    <location file="C:/Users/plmrj/Desktop/POO_T1_Código/TP_GCondominios/Excecoes/Properties/"/>
  </compounddef>
</doxygen>
