<?xml version='1.0' encoding='UTF-8' standalone='no'?>
<doxygen xmlns:xsi="http://www.w3.org/2001/XMLSchema-instance" xsi:noNamespaceSchemaLocation="compound.xsd" version="1.9.8" xml:lang="en-US">
  <compounddef id="dir_e36c8ef43a38bd451d157d04fab4a0c4" kind="dir">
    <compoundname>C:/Users/plmrj/Desktop/POO_T1_Código/TP_GCondominios/RegrasNegocio/obj</compoundname>
    <innerdir refid="dir_7343d2022d149e42c02c5af43fb96497">C:/Users/plmrj/Desktop/POO_T1_Código/TP_GCondominios/RegrasNegocio/obj/Debug</innerdir>
    <briefdescription>
    </briefdescription>
    <detaileddescription>
    </detaileddescription>
    <location file="C:/Users/plmrj/Desktop/POO_T1_Código/TP_GCondominios/RegrasNegocio/obj/"/>
  </compounddef>
</doxygen>
