<?xml version='1.0' encoding='UTF-8' standalone='no'?>
<doxygen xmlns:xsi="http://www.w3.org/2001/XMLSchema-instance" xsi:noNamespaceSchemaLocation="compound.xsd" version="1.9.8" xml:lang="en-US">
  <compounddef id="dir_452efbd18e0fe817682062a67420b6f2" kind="dir">
    <compoundname>C:/Users/plmrj/Desktop/POO_T1_Código/TP_GCondominios/ObjetosNegocio/obj</compoundname>
    <innerdir refid="dir_0e730e8d1725b2d47c8e718511e8c262">C:/Users/plmrj/Desktop/POO_T1_Código/TP_GCondominios/ObjetosNegocio/obj/Debug</innerdir>
    <briefdescription>
    </briefdescription>
    <detaileddescription>
    </detaileddescription>
    <location file="C:/Users/plmrj/Desktop/POO_T1_Código/TP_GCondominios/ObjetosNegocio/obj/"/>
  </compounddef>
</doxygen>
