<?xml version='1.0' encoding='UTF-8' standalone='no'?>
<doxygen xmlns:xsi="http://www.w3.org/2001/XMLSchema-instance" xsi:noNamespaceSchemaLocation="compound.xsd" version="1.9.8" xml:lang="en-US">
  <compounddef id="dir_c3f8d196614098620aab1f9f671cfa60" kind="dir">
    <compoundname>C:/Users/plmrj/Desktop/POO_T1_Código/TP_GCondominios/Interfaces/obj/Debug</compoundname>
    <innerdir refid="dir_3500b403f7a876055432a35c89d75a42">C:/Users/plmrj/Desktop/POO_T1_Código/TP_GCondominios/Interfaces/obj/Debug/net8.0</innerdir>
    <briefdescription>
    </briefdescription>
    <detaileddescription>
    </detaileddescription>
    <location file="C:/Users/plmrj/Desktop/POO_T1_Código/TP_GCondominios/Interfaces/obj/Debug/"/>
  </compounddef>
</doxygen>
