<?xml version='1.0' encoding='UTF-8' standalone='no'?>
<doxygen xmlns:xsi="http://www.w3.org/2001/XMLSchema-instance" xsi:noNamespaceSchemaLocation="compound.xsd" version="1.9.8" xml:lang="en-US">
  <compounddef id="dir_03df54e8c46678b2be37adc1e0dd136b" kind="dir">
    <compoundname>C:/Users/plmrj/Desktop/POO_T1_Código/TP_GCondominios/Dados/obj/Debug</compoundname>
    <innerdir refid="dir_31c8f8af2542d1b7fa94110b7b6d3253">C:/Users/plmrj/Desktop/POO_T1_Código/TP_GCondominios/Dados/obj/Debug/net8.0</innerdir>
    <briefdescription>
    </briefdescription>
    <detaileddescription>
    </detaileddescription>
    <location file="C:/Users/plmrj/Desktop/POO_T1_Código/TP_GCondominios/Dados/obj/Debug/"/>
  </compounddef>
</doxygen>
