<?xml version='1.0' encoding='UTF-8' standalone='no'?>
<doxygen xmlns:xsi="http://www.w3.org/2001/XMLSchema-instance" xsi:noNamespaceSchemaLocation="compound.xsd" version="1.9.8" xml:lang="en-US">
  <compounddef id="dir_dc243c50671ef4f205665136e08c9766" kind="dir">
    <compoundname>C:/Users/plmrj/Desktop</compoundname>
    <innerdir refid="dir_7c2e0486554cbcbdcbd69a85c4631c2b">C:/Users/plmrj/Desktop/POO_T1_Código</innerdir>
    <briefdescription>
    </briefdescription>
    <detaileddescription>
    </detaileddescription>
    <location file="C:/Users/plmrj/Desktop/"/>
  </compounddef>
</doxygen>
