<?xml version='1.0' encoding='UTF-8' standalone='no'?>
<doxygen xmlns:xsi="http://www.w3.org/2001/XMLSchema-instance" xsi:noNamespaceSchemaLocation="compound.xsd" version="1.9.8" xml:lang="en-US">
  <compounddef id="dir_f49ba847f9260565008c8b6517cda60e" kind="dir">
    <compoundname>C:/Users/plmrj/Desktop/POO_T1_Código/TP_GCondominios/Interfaces/obj</compoundname>
    <innerdir refid="dir_c3f8d196614098620aab1f9f671cfa60">C:/Users/plmrj/Desktop/POO_T1_Código/TP_GCondominios/Interfaces/obj/Debug</innerdir>
    <briefdescription>
    </briefdescription>
    <detaileddescription>
    </detaileddescription>
    <location file="C:/Users/plmrj/Desktop/POO_T1_Código/TP_GCondominios/Interfaces/obj/"/>
  </compounddef>
</doxygen>
