<?xml version='1.0' encoding='UTF-8' standalone='no'?>
<doxygen xmlns:xsi="http://www.w3.org/2001/XMLSchema-instance" xsi:noNamespaceSchemaLocation="compound.xsd" version="1.9.8" xml:lang="en-US">
  <compounddef id="dir_bb197f53fd5a9685e47b1c2553c0d739" kind="dir">
    <compoundname>C:/Users/plmrj/Desktop/POO_T1_Código/TP_GCondominios/ObjetosNegocio/obj/Debug/net8.0</compoundname>
    <innerfile refid="_objetos_negocio_2obj_2_debug_2net8_80_2_8_n_e_t_core_app_00_version_0av8_80_8_assembly_attributes_8cs">.NETCoreApp,Version=v8.0.AssemblyAttributes.cs</innerfile>
    <innerfile refid="_objetos_negocio_8_assembly_info_8cs">ObjetosNegocio.AssemblyInfo.cs</innerfile>
    <innerfile refid="_objetos_negocio_8_global_usings_8g_8cs">ObjetosNegocio.GlobalUsings.g.cs</innerfile>
    <briefdescription>
    </briefdescription>
    <detaileddescription>
    </detaileddescription>
    <location file="C:/Users/plmrj/Desktop/POO_T1_Código/TP_GCondominios/ObjetosNegocio/obj/Debug/net8.0/"/>
  </compounddef>
</doxygen>
