<?xml version='1.0' encoding='UTF-8' standalone='no'?>
<doxygenindex xmlns:xsi="http://www.w3.org/2001/XMLSchema-instance" xsi:noNamespaceSchemaLocation="index.xsd" version="1.9.8" xml:lang="en-US">
  <compound refid="class_excecoes_1_1_condominio_exception_1_1_carregar_condominios_exception" kind="class"><name>Excecoes::CondominioException::CarregarCondominiosException</name>
    <member refid="class_excecoes_1_1_condominio_exception_1_1_carregar_condominios_exception_1a55af199b45345fcb0deef275378981fc" kind="function"><name>CarregarCondominiosException</name></member>
  </compound>
  <compound refid="class_excecoes_1_1_despesa_exception_1_1_carregar_despesas_exception" kind="class"><name>Excecoes::DespesaException::CarregarDespesasException</name>
    <member refid="class_excecoes_1_1_despesa_exception_1_1_carregar_despesas_exception_1a08d7188d8e2398592ceb5729f6436462" kind="function"><name>CarregarDespesasException</name></member>
  </compound>
  <compound refid="class_excecoes_1_1_documento_exception_1_1_carregar_documentos_exception" kind="class"><name>Excecoes::DocumentoException::CarregarDocumentosException</name>
    <member refid="class_excecoes_1_1_documento_exception_1_1_carregar_documentos_exception_1acdb04663a5f57d95e5234a436a2371d8" kind="function"><name>CarregarDocumentosException</name></member>
  </compound>
  <compound refid="class_excecoes_1_1_imovel_exception_1_1_carregar_imoveis_exception" kind="class"><name>Excecoes::ImovelException::CarregarImoveisException</name>
    <member refid="class_excecoes_1_1_imovel_exception_1_1_carregar_imoveis_exception_1add596650c8bf31eb1f02e3a1e0af4c93" kind="function"><name>CarregarImoveisException</name></member>
  </compound>
  <compound refid="class_excecoes_1_1_proprietario_exception_1_1_carregar_proprietarios_exception" kind="class"><name>Excecoes::ProprietarioException::CarregarProprietariosException</name>
    <member refid="class_excecoes_1_1_proprietario_exception_1_1_carregar_proprietarios_exception_1ab2e94cc1b89d86c14f782718f7432cd8" kind="function"><name>CarregarProprietariosException</name></member>
  </compound>
  <compound refid="class_excecoes_1_1_reuniao_exception_1_1_carregar_reunioes_exception" kind="class"><name>Excecoes::ReuniaoException::CarregarReunioesException</name>
    <member refid="class_excecoes_1_1_reuniao_exception_1_1_carregar_reunioes_exception_1a3b0a53627fb942e94e3c71cb9d6e53ba" kind="function"><name>CarregarReunioesException</name></member>
  </compound>
  <compound refid="class_objetos_negocio_1_1_condominio" kind="class"><name>ObjetosNegocio::Condominio</name>
    <member refid="class_objetos_negocio_1_1_condominio_1a06a4abb5c12fe191a99c3f6644b030cd" kind="variable"><name>nome</name></member>
    <member refid="class_objetos_negocio_1_1_condominio_1a9bcc787e4941e0e933ba38834a60552e" kind="variable"><name>endereco</name></member>
    <member refid="class_objetos_negocio_1_1_condominio_1a21301b32afea569107f2551d5f7b8163" kind="variable"><name>despesas</name></member>
    <member refid="class_objetos_negocio_1_1_condominio_1aaf78590e18284a151d77af661107cde0" kind="variable"><name>imoveis</name></member>
    <member refid="class_objetos_negocio_1_1_condominio_1ac1438ec018980fef7677e7dc080f2e3e" kind="variable"><name>proprietarios</name></member>
    <member refid="class_objetos_negocio_1_1_condominio_1aa42a8bd9261ce16f7c076fbaa37daa49" kind="variable"><name>reunioes</name></member>
    <member refid="class_objetos_negocio_1_1_condominio_1a6eeda1eadde4e96775dd58bb8994451c" kind="variable"><name>documentos</name></member>
    <member refid="class_objetos_negocio_1_1_condominio_1a4f7c04331cbb42fa4bb17f4f5c8c1ace" kind="property"><name>Nome</name></member>
    <member refid="class_objetos_negocio_1_1_condominio_1a9ddb1dfebbc38ac57e3ba1d1809047d2" kind="property"><name>Endereco</name></member>
    <member refid="class_objetos_negocio_1_1_condominio_1a85516cb7714d8210b1c0b63a6d653ecc" kind="property"><name>Despesas</name></member>
    <member refid="class_objetos_negocio_1_1_condominio_1a8c0a1d8101ed01abe4eb7b0e9a70d1a5" kind="property"><name>Imoveis</name></member>
    <member refid="class_objetos_negocio_1_1_condominio_1a837565a56ae379439974a43fdb7a360a" kind="property"><name>Proprietarios</name></member>
    <member refid="class_objetos_negocio_1_1_condominio_1ac9771bdff7e977cd04c119dc098d2fa6" kind="property"><name>Reunioes</name></member>
    <member refid="class_objetos_negocio_1_1_condominio_1acdc28f0fb717e848059301cc181ed0d1" kind="property"><name>Documentos</name></member>
    <member refid="class_objetos_negocio_1_1_condominio_1a693a4db0a26c6e7c98dc7c6bd1e7c4fd" kind="function"><name>Condominio</name></member>
    <member refid="class_objetos_negocio_1_1_condominio_1a1817aec2ae82aba5a35a3526d18b9171" kind="function"><name>AdicionarDespesa</name></member>
    <member refid="class_objetos_negocio_1_1_condominio_1ad9b12a0a6f2cfea1ab294871e9bcb44a" kind="function"><name>AdicionarImovel</name></member>
    <member refid="class_objetos_negocio_1_1_condominio_1ab2591c8f94314b90e648937295447d2e" kind="function"><name>AdicionarProprietario</name></member>
    <member refid="class_objetos_negocio_1_1_condominio_1a9f4f2729136d0ead662462d994427df4" kind="function"><name>AgendarReuniao</name></member>
    <member refid="class_objetos_negocio_1_1_condominio_1aac141cb2cf454f0ea1669807a4858b20" kind="function"><name>AdicionarDocumento</name></member>
  </compound>
  <compound refid="class_excecoes_1_1_condominio_exception_1_1_condominio_duplicado_exception" kind="class"><name>Excecoes::CondominioException::CondominioDuplicadoException</name>
    <member refid="class_excecoes_1_1_condominio_exception_1_1_condominio_duplicado_exception_1a9254184603455badc5af9be272a85dc6" kind="function"><name>CondominioDuplicadoException</name></member>
  </compound>
  <compound refid="class_excecoes_1_1_condominio_exception" kind="class"><name>Excecoes::CondominioException</name>
    <member refid="class_excecoes_1_1_condominio_exception_1abe0794ac1e970320c7aac47cd1ef798a" kind="function"><name>CondominioException</name></member>
  </compound>
  <compound refid="class_regras_negocio_1_1_condominio_regras" kind="class"><name>RegrasNegocio::CondominioRegras</name>
    <member refid="class_regras_negocio_1_1_condominio_regras_1a3600765c8e9a5efb9a61d5be63be66c3" kind="function"><name>ValidarCondominio</name></member>
  </compound>
  <compound refid="class_dados_1_1_condominios" kind="class"><name>Dados::Condominios</name>
    <member refid="class_dados_1_1_condominios_1a3103efde289af345be7bc7064a5a2b13" kind="variable"><name>listaCondominios</name></member>
    <member refid="class_dados_1_1_condominios_1a9d542b05b56b9a14389b7f09ce1b1d49" kind="function"><name>Condominios</name></member>
    <member refid="class_dados_1_1_condominios_1a86aed0ed38356293055f958e11a7c0e3" kind="function"><name>AdicionarCondominio</name></member>
    <member refid="class_dados_1_1_condominios_1acf50c656e5e62f794771fbd8bd2c7eae" kind="function"><name>ObterCondominios</name></member>
    <member refid="class_dados_1_1_condominios_1a5de40fac9d95f37ad2a5a0be7951a01e" kind="function"><name>ObterCondominioPorNome</name></member>
    <member refid="class_dados_1_1_condominios_1abf925ff0a320e6bcaa31d508663594a3" kind="function"><name>GravarCondominios</name></member>
    <member refid="class_dados_1_1_condominios_1ae08f94f0f7049a338a57492a7880e1f0" kind="function"><name>CarregarCondominios</name></member>
  </compound>
  <compound refid="class_excecoes_1_1_proprietario_exception_1_1_contato_proprietario_nulo_ou_vazio_exception" kind="class"><name>Excecoes::ProprietarioException::ContatoProprietarioNuloOuVazioException</name>
    <member refid="class_excecoes_1_1_proprietario_exception_1_1_contato_proprietario_nulo_ou_vazio_exception_1a3e453c9d9cc9f43703ea6e7d3d85363c" kind="function"><name>ContatoProprietarioNuloOuVazioException</name></member>
  </compound>
  <compound refid="class_excecoes_1_1_documento_exception_1_1_conteudo_documento_nulo_ou_vazio_exception" kind="class"><name>Excecoes::DocumentoException::ConteudoDocumentoNuloOuVazioException</name>
    <member refid="class_excecoes_1_1_documento_exception_1_1_conteudo_documento_nulo_ou_vazio_exception_1a01964578ac709b004e95a757f04719a5" kind="function"><name>ConteudoDocumentoNuloOuVazioException</name></member>
  </compound>
  <compound refid="class_excecoes_1_1_reuniao_exception_1_1_data_reuniao_invalida_exception" kind="class"><name>Excecoes::ReuniaoException::DataReuniaoInvalidaException</name>
    <member refid="class_excecoes_1_1_reuniao_exception_1_1_data_reuniao_invalida_exception_1a6e5b697dfc1d0f7c07221d36dc6fb8cb" kind="function"><name>DataReuniaoInvalidaException</name></member>
  </compound>
  <compound refid="class_excecoes_1_1_despesa_exception_1_1_data_vencimento_despesa_passada_exception" kind="class"><name>Excecoes::DespesaException::DataVencimentoDespesaPassadaException</name>
    <member refid="class_excecoes_1_1_despesa_exception_1_1_data_vencimento_despesa_passada_exception_1a466982da3550d6708d935eff33edfb60" kind="function"><name>DataVencimentoDespesaPassadaException</name></member>
  </compound>
  <compound refid="class_objetos_negocio_1_1_despesa" kind="class"><name>ObjetosNegocio::Despesa</name>
    <member refid="class_objetos_negocio_1_1_despesa_1a270486af8b8cab61c30f770b6c6374a9" kind="variable"><name>tipo</name></member>
    <member refid="class_objetos_negocio_1_1_despesa_1a98baa35c6f4845137aafc187b97b3304" kind="variable"><name>valor</name></member>
    <member refid="class_objetos_negocio_1_1_despesa_1acb47e7bc2beb73af775cab83e3274951" kind="variable"><name>dataVencimento</name></member>
    <member refid="class_objetos_negocio_1_1_despesa_1a5b26d381b32531680ebb827b47de949b" kind="variable"><name>estadoPagamento</name></member>
    <member refid="class_objetos_negocio_1_1_despesa_1ad2b7b184b7b67862c5b2380955cf26e7" kind="variable"><name>imovel</name></member>
    <member refid="class_objetos_negocio_1_1_despesa_1a260708ff1fcd7c48ef576bc86caf1ab8" kind="property"><name>Tipo</name></member>
    <member refid="class_objetos_negocio_1_1_despesa_1a1c4179af50f1cdee32019b07d0dcc7b0" kind="property"><name>Valor</name></member>
    <member refid="class_objetos_negocio_1_1_despesa_1aeff055c9b37d0daaf4b43510cca9a86e" kind="property"><name>DataVencimento</name></member>
    <member refid="class_objetos_negocio_1_1_despesa_1a2c6fd456891cc822a497d30c00b7c5ac" kind="property"><name>EstadoPagamento</name></member>
    <member refid="class_objetos_negocio_1_1_despesa_1a385fe18c951dc51fbba7f264ff52e62f" kind="property"><name>Imovel</name></member>
    <member refid="class_objetos_negocio_1_1_despesa_1a8f027b95db8890b7ab442bf1971abef7" kind="function"><name>Despesa</name></member>
    <member refid="class_objetos_negocio_1_1_despesa_1a284f112b4658460fe9ba09ae41092d48" kind="function"><name>AtualizarEstadoPagamento</name></member>
    <member refid="class_objetos_negocio_1_1_despesa_1ae0fa7c2b50ad1ad40dcd7d949b337978" kind="function"><name>ObterValorTotal</name></member>
  </compound>
  <compound refid="class_excecoes_1_1_despesa_exception_1_1_despesa_duplicada_exception" kind="class"><name>Excecoes::DespesaException::DespesaDuplicadaException</name>
    <member refid="class_excecoes_1_1_despesa_exception_1_1_despesa_duplicada_exception_1a26e0fac8d3b2236aba4b7f922a92e5be" kind="function"><name>DespesaDuplicadaException</name></member>
  </compound>
  <compound refid="class_excecoes_1_1_despesa_exception" kind="class"><name>Excecoes::DespesaException</name>
    <member refid="class_excecoes_1_1_despesa_exception_1ad5b96f468440b4d35f3f06d94fe64082" kind="function"><name>DespesaException</name></member>
  </compound>
  <compound refid="class_regras_negocio_1_1_despesa_regras" kind="class"><name>RegrasNegocio::DespesaRegras</name>
    <member refid="class_regras_negocio_1_1_despesa_regras_1ac63bfb99a9de474810d0af93a946b188" kind="function"><name>ValidarDespesa</name></member>
  </compound>
  <compound refid="class_dados_1_1_despesas" kind="class"><name>Dados::Despesas</name>
    <member refid="class_dados_1_1_despesas_1a85f59d7acb73b11b0373344470cbd400" kind="variable"><name>listaDespesas</name></member>
    <member refid="class_dados_1_1_despesas_1ab8bbca3b077605f5f6880aa3e627b3e6" kind="function"><name>Despesas</name></member>
    <member refid="class_dados_1_1_despesas_1a6bf5fbc12ca843426917ce1fbde6744b" kind="function"><name>AdicionarDespesa</name></member>
    <member refid="class_dados_1_1_despesas_1a691e5b3767ae1d7ca518ae708ddfeb52" kind="function"><name>ObterDespesas</name></member>
    <member refid="class_dados_1_1_despesas_1a1b69235e0803053982cdb49a7652c7df" kind="function"><name>ObterDespesaPorTipoValorEData</name></member>
    <member refid="class_dados_1_1_despesas_1a99fd7d004782c5026a5cf3958d12dc28" kind="function"><name>GravarDespesas</name></member>
    <member refid="class_dados_1_1_despesas_1ae693750764740a272d3e979bd085f075" kind="function"><name>CarregarDespesas</name></member>
  </compound>
  <compound refid="class_excecoes_1_1_condominio_exception_1_1_despesas_condominio_vazias_exception" kind="class"><name>Excecoes::CondominioException::DespesasCondominioVaziasException</name>
    <member refid="class_excecoes_1_1_condominio_exception_1_1_despesas_condominio_vazias_exception_1aec1a07f7a309656dbfa3af2ee9acffb2" kind="function"><name>DespesasCondominioVaziasException</name></member>
  </compound>
  <compound refid="class_excecoes_1_1_imovel_exception_1_1_despesas_imovel_vazias_exception" kind="class"><name>Excecoes::ImovelException::DespesasImovelVaziasException</name>
    <member refid="class_excecoes_1_1_imovel_exception_1_1_despesas_imovel_vazias_exception_1a731fce429e7b97aa32a668a1e71a9b39" kind="function"><name>DespesasImovelVaziasException</name></member>
  </compound>
  <compound refid="class_objetos_negocio_1_1_documento" kind="class"><name>ObjetosNegocio::Documento</name>
    <member refid="class_objetos_negocio_1_1_documento_1a66a25085b611e539d017310da6742eaf" kind="variable"><name>tipo</name></member>
    <member refid="class_objetos_negocio_1_1_documento_1acd7ef10c24179713702bb198ffcb577b" kind="variable"><name>dataCriacao</name></member>
    <member refid="class_objetos_negocio_1_1_documento_1a31216636f6037ae606d21ef3f034d422" kind="variable"><name>conteudo</name></member>
    <member refid="class_objetos_negocio_1_1_documento_1a2de56b8b0a53a4f9f9b547259b13bf74" kind="variable"><name>nome</name></member>
    <member refid="class_objetos_negocio_1_1_documento_1a8405540bd4088ef6e6fb2f350ee52706" kind="property"><name>Tipo</name></member>
    <member refid="class_objetos_negocio_1_1_documento_1a3ef30bb9229d71a222e094d4bfb94793" kind="property"><name>DataCriacao</name></member>
    <member refid="class_objetos_negocio_1_1_documento_1ae878d58a6df957308a2ac30f8d1590ea" kind="property"><name>Conteudo</name></member>
    <member refid="class_objetos_negocio_1_1_documento_1a94439ef5016e2ef2f1a888277133bd92" kind="property"><name>Nome</name></member>
    <member refid="class_objetos_negocio_1_1_documento_1a91cf402fdb9c30fbd65e180326e581ad" kind="function"><name>Documento</name></member>
    <member refid="class_objetos_negocio_1_1_documento_1a415882173aa406239958e70f754166a5" kind="function"><name>AdicionarDocumento</name></member>
    <member refid="class_objetos_negocio_1_1_documento_1afb23cb710dead5c850c365bdde2c957a" kind="function"><name>RemoverDocumento</name></member>
    <member refid="class_objetos_negocio_1_1_documento_1a073d0e865b99ea2b10133ddcaa7903fa" kind="function"><name>AtualizarConteudo</name></member>
  </compound>
  <compound refid="class_excecoes_1_1_documento_exception_1_1_documento_duplicado_exception" kind="class"><name>Excecoes::DocumentoException::DocumentoDuplicadoException</name>
    <member refid="class_excecoes_1_1_documento_exception_1_1_documento_duplicado_exception_1a49f35b5f5e9c955599f456fdc30a5873" kind="function"><name>DocumentoDuplicadoException</name></member>
  </compound>
  <compound refid="class_excecoes_1_1_documento_exception" kind="class"><name>Excecoes::DocumentoException</name>
    <member refid="class_excecoes_1_1_documento_exception_1a6d51d6105c1fc36d9b3a80afac522908" kind="function"><name>DocumentoException</name></member>
  </compound>
  <compound refid="class_regras_negocio_1_1_documento_regras" kind="class"><name>RegrasNegocio::DocumentoRegras</name>
    <member refid="class_regras_negocio_1_1_documento_regras_1acbfdaeccc0eee1a075d8b0e73ec34e88" kind="function"><name>ValidarDocumento</name></member>
  </compound>
  <compound refid="class_dados_1_1_documentos" kind="class"><name>Dados::Documentos</name>
    <member refid="class_dados_1_1_documentos_1a1aef825d28f740688ddded7180ea07e0" kind="variable"><name>listaDocumentos</name></member>
    <member refid="class_dados_1_1_documentos_1ad6248c87208a575dac3cbb61797486f0" kind="function"><name>Documentos</name></member>
    <member refid="class_dados_1_1_documentos_1adec6adc6e7c017197c7ca0476349c9c0" kind="function"><name>AdicionarDocumento</name></member>
    <member refid="class_dados_1_1_documentos_1ac584f2add07b2f5872c06c07b305e376" kind="function"><name>ObterDocumentos</name></member>
    <member refid="class_dados_1_1_documentos_1aee9dbd05b5cab867a744e999dfeee136" kind="function"><name>ObterDocumentoPorTipoENome</name></member>
    <member refid="class_dados_1_1_documentos_1ae739905c7484c04852ebb89639b05c19" kind="function"><name>GravarDocumentos</name></member>
    <member refid="class_dados_1_1_documentos_1a7806b488ebe05c633ae96df8b4c1aeab" kind="function"><name>CarregarDocumentos</name></member>
  </compound>
  <compound refid="class_excecoes_1_1_condominio_exception_1_1_documentos_condominio_vazios_exception" kind="class"><name>Excecoes::CondominioException::DocumentosCondominioVaziosException</name>
    <member refid="class_excecoes_1_1_condominio_exception_1_1_documentos_condominio_vazios_exception_1ae2933dcf534b5341211af673acf75d94" kind="function"><name>DocumentosCondominioVaziosException</name></member>
  </compound>
  <compound refid="class_excecoes_1_1_condominio_exception_1_1_endereco_condominio_nulo_ou_vazio_exception" kind="class"><name>Excecoes::CondominioException::EnderecoCondominioNuloOuVazioException</name>
    <member refid="class_excecoes_1_1_condominio_exception_1_1_endereco_condominio_nulo_ou_vazio_exception_1a72ff8683b70a19f4ef2cb9f78c2c50df" kind="function"><name>EnderecoCondominioNuloOuVazioException</name></member>
  </compound>
  <compound refid="class_excecoes_1_1_imovel_exception_1_1_endereco_imovel_nulo_ou_vazio_exception" kind="class"><name>Excecoes::ImovelException::EnderecoImovelNuloOuVazioException</name>
    <member refid="class_excecoes_1_1_imovel_exception_1_1_endereco_imovel_nulo_ou_vazio_exception_1a3f784d985680137a0aff289d3b296609" kind="function"><name>EnderecoImovelNuloOuVazioException</name></member>
  </compound>
  <compound refid="class_excecoes_1_1_condominio_exception_1_1_gravar_condominios_exception" kind="class"><name>Excecoes::CondominioException::GravarCondominiosException</name>
    <member refid="class_excecoes_1_1_condominio_exception_1_1_gravar_condominios_exception_1a3546d658207ba29d31454de6987acf33" kind="function"><name>GravarCondominiosException</name></member>
  </compound>
  <compound refid="class_excecoes_1_1_despesa_exception_1_1_gravar_despesas_exception" kind="class"><name>Excecoes::DespesaException::GravarDespesasException</name>
    <member refid="class_excecoes_1_1_despesa_exception_1_1_gravar_despesas_exception_1aa989aa0f8619f19667d951c78f5646dc" kind="function"><name>GravarDespesasException</name></member>
  </compound>
  <compound refid="class_excecoes_1_1_documento_exception_1_1_gravar_documentos_exception" kind="class"><name>Excecoes::DocumentoException::GravarDocumentosException</name>
    <member refid="class_excecoes_1_1_documento_exception_1_1_gravar_documentos_exception_1a5a67b55fc19edc391eea2710b5f6daf3" kind="function"><name>GravarDocumentosException</name></member>
  </compound>
  <compound refid="class_excecoes_1_1_imovel_exception_1_1_gravar_imoveis_exception" kind="class"><name>Excecoes::ImovelException::GravarImoveisException</name>
    <member refid="class_excecoes_1_1_imovel_exception_1_1_gravar_imoveis_exception_1ad0d9fd0761aa2994fb1b6d4b5eff9352" kind="function"><name>GravarImoveisException</name></member>
  </compound>
  <compound refid="class_excecoes_1_1_proprietario_exception_1_1_gravar_proprietarios_exception" kind="class"><name>Excecoes::ProprietarioException::GravarProprietariosException</name>
    <member refid="class_excecoes_1_1_proprietario_exception_1_1_gravar_proprietarios_exception_1ad2d296481465816c4a5fbd230afb1c40" kind="function"><name>GravarProprietariosException</name></member>
  </compound>
  <compound refid="class_excecoes_1_1_reuniao_exception_1_1_gravar_reunioes_exception" kind="class"><name>Excecoes::ReuniaoException::GravarReunioesException</name>
    <member refid="class_excecoes_1_1_reuniao_exception_1_1_gravar_reunioes_exception_1abcffebeb92bff2c7a3f5ecf153afebfb" kind="function"><name>GravarReunioesException</name></member>
  </compound>
  <compound refid="class_excecoes_1_1_reuniao_exception_1_1_hora_reuniao_invalida_exception" kind="class"><name>Excecoes::ReuniaoException::HoraReuniaoInvalidaException</name>
    <member refid="class_excecoes_1_1_reuniao_exception_1_1_hora_reuniao_invalida_exception_1ab09e2df4aa315a1beb23837ef4bf0d3e" kind="function"><name>HoraReuniaoInvalidaException</name></member>
  </compound>
  <compound refid="interface_interfaces_1_1_i_condominio" kind="interface"><name>Interfaces::ICondominio</name>
    <member refid="interface_interfaces_1_1_i_condominio_1a46b819493378eb6ab160840d7c487edf" kind="property"><name>Nome</name></member>
    <member refid="interface_interfaces_1_1_i_condominio_1a24a3b258f30aff5140ad8b7326f5f4eb" kind="property"><name>Endereco</name></member>
    <member refid="interface_interfaces_1_1_i_condominio_1a68687625416e0284c4d06f3ee3384136" kind="property"><name>Despesas</name></member>
    <member refid="interface_interfaces_1_1_i_condominio_1a67f1f6a9034f5802856e92710f806ef7" kind="property"><name>Imoveis</name></member>
    <member refid="interface_interfaces_1_1_i_condominio_1a601393f568cf892ebd7f2600d50b689f" kind="property"><name>Proprietarios</name></member>
    <member refid="interface_interfaces_1_1_i_condominio_1a1832b2b71cce529d2f2d7fc1c83f793f" kind="property"><name>Reunioes</name></member>
    <member refid="interface_interfaces_1_1_i_condominio_1add8485203a438e2b4ee98efaa0e38b55" kind="property"><name>Documentos</name></member>
  </compound>
  <compound refid="interface_interfaces_1_1_i_despesa" kind="interface"><name>Interfaces::IDespesa</name>
    <member refid="interface_interfaces_1_1_i_despesa_1ab9c55d4e63a2e9bd2fd30f209413d2ec" kind="property"><name>Tipo</name></member>
    <member refid="interface_interfaces_1_1_i_despesa_1aa5b7f40dbec2b637bf6d64147b44d07e" kind="property"><name>Valor</name></member>
    <member refid="interface_interfaces_1_1_i_despesa_1abd16366a820ad3f4e15524948c787449" kind="property"><name>DataVencimento</name></member>
    <member refid="interface_interfaces_1_1_i_despesa_1a209574b29d73747dadab685199e9796e" kind="property"><name>EstadoPagamento</name></member>
    <member refid="interface_interfaces_1_1_i_despesa_1af3ba3738b406420a498b6e4fcbc9d39b" kind="property"><name>Imovel</name></member>
  </compound>
  <compound refid="interface_interfaces_1_1_i_documento" kind="interface"><name>Interfaces::IDocumento</name>
    <member refid="interface_interfaces_1_1_i_documento_1aae8a1ca1295d8e69abab8df77e217676" kind="property"><name>Nome</name></member>
    <member refid="interface_interfaces_1_1_i_documento_1a8261e277bcf15c26c1dd9d177237e252" kind="property"><name>Tipo</name></member>
    <member refid="interface_interfaces_1_1_i_documento_1a1b8fcb516749fb5b6eb193be5518d941" kind="property"><name>Conteudo</name></member>
  </compound>
  <compound refid="interface_interfaces_1_1_i_imovel" kind="interface"><name>Interfaces::IImovel</name>
    <member refid="interface_interfaces_1_1_i_imovel_1a6e56998895a238ccff3020bc1d9ce2fa" kind="property"><name>IdImovel</name></member>
    <member refid="interface_interfaces_1_1_i_imovel_1a4f4a64afddf94ee394c1a18513796ff2" kind="property"><name>Proprietarios</name></member>
    <member refid="interface_interfaces_1_1_i_imovel_1ab84ad5361e06f60d5e68e21c2d6db7db" kind="property"><name>Despesas</name></member>
    <member refid="interface_interfaces_1_1_i_imovel_1a3c3ea13f829284ef86cf160ef779dd2f" kind="property"><name>Quotas</name></member>
    <member refid="interface_interfaces_1_1_i_imovel_1a2749740dede687b7395d7d00bcfcc7bc" kind="property"><name>Endereco</name></member>
  </compound>
  <compound refid="class_dados_1_1_imoveis" kind="class"><name>Dados::Imoveis</name>
    <member refid="class_dados_1_1_imoveis_1ae2c6d22bd40c7cb9dfe41d1753c97e63" kind="variable"><name>listaImoveis</name></member>
    <member refid="class_dados_1_1_imoveis_1adb99e145fab9e0f2b1f56b059c8d654a" kind="function"><name>Imoveis</name></member>
    <member refid="class_dados_1_1_imoveis_1ad2533595df4f07fd1e22be40f76a4381" kind="function"><name>AdicionarImovel</name></member>
    <member refid="class_dados_1_1_imoveis_1a797f9e3e8cc396e5307fc0bf4212d7f4" kind="function"><name>ObterImoveis</name></member>
    <member refid="class_dados_1_1_imoveis_1aed7d908e4215119ae7af7be814ec6125" kind="function"><name>ObterImovelPorId</name></member>
    <member refid="class_dados_1_1_imoveis_1ac54926f10bb0fa4290cccafce694b4b9" kind="function"><name>GravarImoveis</name></member>
    <member refid="class_dados_1_1_imoveis_1a8c689326d6695752adfce77f1c238998" kind="function"><name>CarregarImoveis</name></member>
  </compound>
  <compound refid="class_excecoes_1_1_condominio_exception_1_1_imoveis_condominio_vazios_exception" kind="class"><name>Excecoes::CondominioException::ImoveisCondominioVaziosException</name>
    <member refid="class_excecoes_1_1_condominio_exception_1_1_imoveis_condominio_vazios_exception_1a10f1b0cad24d3e68d07649e72ebb6f24" kind="function"><name>ImoveisCondominioVaziosException</name></member>
  </compound>
  <compound refid="class_objetos_negocio_1_1_imovel" kind="class"><name>ObjetosNegocio::Imovel</name>
    <member refid="class_objetos_negocio_1_1_imovel_1a9433067fcb74a40fe5fb1ec2831ad666" kind="variable"><name>idImovel</name></member>
    <member refid="class_objetos_negocio_1_1_imovel_1a641dcb3417bccac0b7dda8e9fe4737a0" kind="variable"><name>proprietarios</name></member>
    <member refid="class_objetos_negocio_1_1_imovel_1ac6ba4be3b4b05c64abb1d00b7a000830" kind="variable"><name>despesas</name></member>
    <member refid="class_objetos_negocio_1_1_imovel_1a914ba1e7aad4af2f72ec32c6d0af2ddc" kind="variable"><name>quotas</name></member>
    <member refid="class_objetos_negocio_1_1_imovel_1a084c0aacf3490e4debc324b5e88b55ed" kind="variable"><name>endereco</name></member>
    <member refid="class_objetos_negocio_1_1_imovel_1aac775bede62928998e5013895899bac2" kind="property"><name>IdImovel</name></member>
    <member refid="class_objetos_negocio_1_1_imovel_1a7559fd24680ba72666f9e3d529a6c5d9" kind="property"><name>Proprietarios</name></member>
    <member refid="class_objetos_negocio_1_1_imovel_1a22c46d20ffddbed0337366728652076b" kind="property"><name>Despesas</name></member>
    <member refid="class_objetos_negocio_1_1_imovel_1ae55c7cb8098bafd08f4b2c7cbb2f7435" kind="property"><name>Quotas</name></member>
    <member refid="class_objetos_negocio_1_1_imovel_1a595dcf4672d8353fa4f2bfaa91fb7175" kind="property"><name>Endereco</name></member>
    <member refid="class_objetos_negocio_1_1_imovel_1acc6002b968928c322602616d2c80b5bd" kind="function"><name>Imovel</name></member>
    <member refid="class_objetos_negocio_1_1_imovel_1a43b0b98368c103b01400f54fc0a1c444" kind="function"><name>AdicionarDespesa</name></member>
    <member refid="class_objetos_negocio_1_1_imovel_1a0c2dd2478001df89a5a6905de302c23c" kind="function"><name>PagarQuota</name></member>
    <member refid="class_objetos_negocio_1_1_imovel_1acac4fdb9de60d4fede8bd8e589839437" kind="function"><name>ObterSaldo</name></member>
  </compound>
  <compound refid="class_excecoes_1_1_despesa_exception_1_1_imovel_despesa_nulo_ou_vazio_exception" kind="class"><name>Excecoes::DespesaException::ImovelDespesaNuloOuVazioException</name>
    <member refid="class_excecoes_1_1_despesa_exception_1_1_imovel_despesa_nulo_ou_vazio_exception_1a762e22927d6cb6a21bad881f4f3665c1" kind="function"><name>ImovelDespesaNuloOuVazioException</name></member>
  </compound>
  <compound refid="class_excecoes_1_1_imovel_exception_1_1_imovel_duplicado_exception" kind="class"><name>Excecoes::ImovelException::ImovelDuplicadoException</name>
    <member refid="class_excecoes_1_1_imovel_exception_1_1_imovel_duplicado_exception_1aecc8abd41147f64276b6bf75efcc8caf" kind="function"><name>ImovelDuplicadoException</name></member>
  </compound>
  <compound refid="class_excecoes_1_1_imovel_exception" kind="class"><name>Excecoes::ImovelException</name>
    <member refid="class_excecoes_1_1_imovel_exception_1af3553d310f71fcd16dd4a8f303f17164" kind="function"><name>ImovelException</name></member>
  </compound>
  <compound refid="class_excecoes_1_1_proprietario_exception_1_1_imovel_proprietario_nulo_ou_vazio_exception" kind="class"><name>Excecoes::ProprietarioException::ImovelProprietarioNuloOuVazioException</name>
    <member refid="class_excecoes_1_1_proprietario_exception_1_1_imovel_proprietario_nulo_ou_vazio_exception_1a8230062a2c40ea43eaf7248addd0bfae" kind="function"><name>ImovelProprietarioNuloOuVazioException</name></member>
  </compound>
  <compound refid="class_regras_negocio_1_1_imovel_regras" kind="class"><name>RegrasNegocio::ImovelRegras</name>
    <member refid="class_regras_negocio_1_1_imovel_regras_1adbaf4796d56db9474460981cf7820369" kind="function"><name>ValidarImovel</name></member>
  </compound>
  <compound refid="class_excecoes_1_1_reuniao_exception_1_1_intervenientes_reuniao_vazios_exception" kind="class"><name>Excecoes::ReuniaoException::IntervenientesReuniaoVaziosException</name>
    <member refid="class_excecoes_1_1_reuniao_exception_1_1_intervenientes_reuniao_vazios_exception_1a58461b284d64d7d8674a10dee716dfa6" kind="function"><name>IntervenientesReuniaoVaziosException</name></member>
  </compound>
  <compound refid="interface_interfaces_1_1_i_proprietario" kind="interface"><name>Interfaces::IProprietario</name>
    <member refid="interface_interfaces_1_1_i_proprietario_1ad592a73de78a38b09d0f529677aa921e" kind="property"><name>Nome</name></member>
    <member refid="interface_interfaces_1_1_i_proprietario_1aed85984c4599b7733daf5744a486f906" kind="property"><name>Contato</name></member>
    <member refid="interface_interfaces_1_1_i_proprietario_1aec759451def8ecd9eaa8389a3901f47e" kind="property"><name>Imovel</name></member>
    <member refid="interface_interfaces_1_1_i_proprietario_1af49cf7ec066bf378cfb4ab9f316e7642" kind="property"><name>Nif</name></member>
  </compound>
  <compound refid="interface_interfaces_1_1_i_reuniao" kind="interface"><name>Interfaces::IReuniao</name>
    <member refid="interface_interfaces_1_1_i_reuniao_1aedfd590ab9712eb2bbc96df7a887b003" kind="property"><name>Data</name></member>
    <member refid="interface_interfaces_1_1_i_reuniao_1a797e5061ec3c6ff16cf1f1058850e1dc" kind="property"><name>Hora</name></member>
    <member refid="interface_interfaces_1_1_i_reuniao_1a04e37cfb2b7db245ddb30cc6eb300746" kind="property"><name>Local</name></member>
    <member refid="interface_interfaces_1_1_i_reuniao_1a6ee45b05d2e985934d3aaf584e562cfc" kind="property"><name>Intervenientes</name></member>
  </compound>
  <compound refid="class_excecoes_1_1_reuniao_exception_1_1_local_reuniao_nulo_ou_vazio_exception" kind="class"><name>Excecoes::ReuniaoException::LocalReuniaoNuloOuVazioException</name>
    <member refid="class_excecoes_1_1_reuniao_exception_1_1_local_reuniao_nulo_ou_vazio_exception_1a778aeee3550e204a0086348c3a582de2" kind="function"><name>LocalReuniaoNuloOuVazioException</name></member>
  </compound>
  <compound refid="class_excecoes_1_1_proprietario_exception_1_1_nif_proprietario_nulo_ou_vazio_exception" kind="class"><name>Excecoes::ProprietarioException::NifProprietarioNuloOuVazioException</name>
    <member refid="class_excecoes_1_1_proprietario_exception_1_1_nif_proprietario_nulo_ou_vazio_exception_1ad431f283d2718843b0d90986624e4959" kind="function"><name>NifProprietarioNuloOuVazioException</name></member>
  </compound>
  <compound refid="class_excecoes_1_1_condominio_exception_1_1_nome_condominio_nulo_ou_vazio_exception" kind="class"><name>Excecoes::CondominioException::NomeCondominioNuloOuVazioException</name>
    <member refid="class_excecoes_1_1_condominio_exception_1_1_nome_condominio_nulo_ou_vazio_exception_1ad88a8433427a7d132e8826584b680f86" kind="function"><name>NomeCondominioNuloOuVazioException</name></member>
  </compound>
  <compound refid="class_excecoes_1_1_documento_exception_1_1_nome_documento_nulo_ou_vazio_exception" kind="class"><name>Excecoes::DocumentoException::NomeDocumentoNuloOuVazioException</name>
    <member refid="class_excecoes_1_1_documento_exception_1_1_nome_documento_nulo_ou_vazio_exception_1a7a38bfd3fd011b08911422a614917d85" kind="function"><name>NomeDocumentoNuloOuVazioException</name></member>
  </compound>
  <compound refid="class_excecoes_1_1_proprietario_exception_1_1_nome_proprietario_nulo_ou_vazio_exception" kind="class"><name>Excecoes::ProprietarioException::NomeProprietarioNuloOuVazioException</name>
    <member refid="class_excecoes_1_1_proprietario_exception_1_1_nome_proprietario_nulo_ou_vazio_exception_1aa163043fe906719f32b4a15bc6229df6" kind="function"><name>NomeProprietarioNuloOuVazioException</name></member>
  </compound>
  <compound refid="class_program" kind="class"><name>Program</name>
    <member refid="class_program_1ad22b0f776312e09174fc36a1e4bade60" kind="function"><name>Main</name></member>
    <member refid="class_program_1a96eb55713f4d310a71bc40d57e53a26d" kind="function"><name>ValidarEExecutar</name></member>
  </compound>
  <compound refid="class_objetos_negocio_1_1_proprietario" kind="class"><name>ObjetosNegocio::Proprietario</name>
    <member refid="class_objetos_negocio_1_1_proprietario_1a1b3b92fab39ba24828b2a4c880313f9e" kind="variable"><name>nome</name></member>
    <member refid="class_objetos_negocio_1_1_proprietario_1aa48cdbb29d92515ca38994365e81fbd6" kind="variable"><name>contato</name></member>
    <member refid="class_objetos_negocio_1_1_proprietario_1a0494ce5818c940796cbea3c5e057e664" kind="variable"><name>imovel</name></member>
    <member refid="class_objetos_negocio_1_1_proprietario_1a6a88da7ba172a8ff77923b2a3b975806" kind="variable"><name>nif</name></member>
    <member refid="class_objetos_negocio_1_1_proprietario_1a5cc9d2c5016c8bf9d765028e2696f620" kind="variable"><name>historicoPagamentos</name></member>
    <member refid="class_objetos_negocio_1_1_proprietario_1a0d2fe06082da4d6112924b5227eb0335" kind="variable"><name>presencasReunioes</name></member>
    <member refid="class_objetos_negocio_1_1_proprietario_1a9cdd60cad5f7c6ad5713848d9e3de33c" kind="property"><name>Nome</name></member>
    <member refid="class_objetos_negocio_1_1_proprietario_1ae1c90f2465373f249b8d869be4b41328" kind="property"><name>Contato</name></member>
    <member refid="class_objetos_negocio_1_1_proprietario_1ac9544590fcef0a4525d63e7eb391207d" kind="property"><name>Imovel</name></member>
    <member refid="class_objetos_negocio_1_1_proprietario_1ae1aa93291307993d89679afc0c7904d9" kind="property"><name>Nif</name></member>
    <member refid="class_objetos_negocio_1_1_proprietario_1ad1d23c33603b9f669a32a4e3d2796646" kind="property"><name>HistoricoPagamentos</name></member>
    <member refid="class_objetos_negocio_1_1_proprietario_1a190fc489825b2ef35edf2cdc4d89e700" kind="property"><name>PresencasReunioes</name></member>
    <member refid="class_objetos_negocio_1_1_proprietario_1ae7d00117733491f5d2fde58c10c28a8b" kind="function"><name>Proprietario</name></member>
    <member refid="class_objetos_negocio_1_1_proprietario_1a6777a698dda37a0e0ed2f9b9cac23edc" kind="function"><name>RealizarPagamento</name></member>
    <member refid="class_objetos_negocio_1_1_proprietario_1aa7b3795199735c239e444ce97a2172b9" kind="function"><name>VisualizarHistorico</name></member>
    <member refid="class_objetos_negocio_1_1_proprietario_1ae97a3f031b1e6b6392722b1b3f9c75f5" kind="function"><name>PresenciarReuniao</name></member>
  </compound>
  <compound refid="class_excecoes_1_1_proprietario_exception_1_1_proprietario_duplicado_exception" kind="class"><name>Excecoes::ProprietarioException::ProprietarioDuplicadoException</name>
    <member refid="class_excecoes_1_1_proprietario_exception_1_1_proprietario_duplicado_exception_1a3c15991d0721dc2e2cea400b60c58309" kind="function"><name>ProprietarioDuplicadoException</name></member>
  </compound>
  <compound refid="class_excecoes_1_1_proprietario_exception" kind="class"><name>Excecoes::ProprietarioException</name>
    <member refid="class_excecoes_1_1_proprietario_exception_1a0d8cdb7d5f0dd971daa29203b79f753e" kind="function"><name>ProprietarioException</name></member>
  </compound>
  <compound refid="class_regras_negocio_1_1_proprietario_regras" kind="class"><name>RegrasNegocio::ProprietarioRegras</name>
    <member refid="class_regras_negocio_1_1_proprietario_regras_1a83b0a9fdc4d7e259601f5f02a27d7738" kind="function"><name>ValidarProprietario</name></member>
  </compound>
  <compound refid="class_dados_1_1_proprietarios" kind="class"><name>Dados::Proprietarios</name>
    <member refid="class_dados_1_1_proprietarios_1adf2e9ed8079a31e421a95e2aa08cd1d2" kind="variable"><name>listaProprietarios</name></member>
    <member refid="class_dados_1_1_proprietarios_1a465addf286aa275d4d5955a772b05737" kind="function"><name>Proprietarios</name></member>
    <member refid="class_dados_1_1_proprietarios_1ad0566bd48dde931806cffbe4d1de66fa" kind="function"><name>AdicionarProprietario</name></member>
    <member refid="class_dados_1_1_proprietarios_1afe75d8778830c6f8fdc58eb06a684e66" kind="function"><name>ObterProprietarios</name></member>
    <member refid="class_dados_1_1_proprietarios_1a41e36a395c4ecc94cce6bf755181b304" kind="function"><name>ObterProprietarioPorNif</name></member>
    <member refid="class_dados_1_1_proprietarios_1a2897e42f13c04979de04209241e34639" kind="function"><name>GravarProprietarios</name></member>
    <member refid="class_dados_1_1_proprietarios_1a13fb6a531bae7553e4aeda1402c77b8c" kind="function"><name>CarregarProprietarios</name></member>
  </compound>
  <compound refid="class_excecoes_1_1_condominio_exception_1_1_proprietarios_condominio_vazios_exception" kind="class"><name>Excecoes::CondominioException::ProprietariosCondominioVaziosException</name>
    <member refid="class_excecoes_1_1_condominio_exception_1_1_proprietarios_condominio_vazios_exception_1adbdb23e47148a55777ec70f19f17958b" kind="function"><name>ProprietariosCondominioVaziosException</name></member>
  </compound>
  <compound refid="class_excecoes_1_1_imovel_exception_1_1_proprietarios_imovel_vazios_exception" kind="class"><name>Excecoes::ImovelException::ProprietariosImovelVaziosException</name>
    <member refid="class_excecoes_1_1_imovel_exception_1_1_proprietarios_imovel_vazios_exception_1a6a47084f114dbf952cefa72cd0f86e1d" kind="function"><name>ProprietariosImovelVaziosException</name></member>
  </compound>
  <compound refid="class_excecoes_1_1_imovel_exception_1_1_quotas_imovel_vazias_exception" kind="class"><name>Excecoes::ImovelException::QuotasImovelVaziasException</name>
    <member refid="class_excecoes_1_1_imovel_exception_1_1_quotas_imovel_vazias_exception_1abff44ae79c269a0e2d52fb182d5795e3" kind="function"><name>QuotasImovelVaziasException</name></member>
  </compound>
  <compound refid="class_objetos_negocio_1_1_reuniao" kind="class"><name>ObjetosNegocio::Reuniao</name>
    <member refid="class_objetos_negocio_1_1_reuniao_1aa5384f854b4eed7b79f1fd2c18e7d6c7" kind="variable"><name>data</name></member>
    <member refid="class_objetos_negocio_1_1_reuniao_1a7b74abe47a853b837cdd27ffdf421a1b" kind="variable"><name>hora</name></member>
    <member refid="class_objetos_negocio_1_1_reuniao_1a5cb8a1b9f71d066bf2f13652835d2a4e" kind="variable"><name>string</name></member>
    <member refid="class_objetos_negocio_1_1_reuniao_1a33c0121021d4a2fc20973ece18bd8096" kind="variable"><name>intervenientes</name></member>
    <member refid="class_objetos_negocio_1_1_reuniao_1ac9fd53eebfffd4a35c2c51d17505e0c2" kind="variable"><name>ata</name></member>
    <member refid="class_objetos_negocio_1_1_reuniao_1a17647a01f19c617c2bdcc9ad1b555b97" kind="property"><name>Data</name></member>
    <member refid="class_objetos_negocio_1_1_reuniao_1af3bb2f35e5fa159c3553d34160affe9b" kind="property"><name>Hora</name></member>
    <member refid="class_objetos_negocio_1_1_reuniao_1a482bde275d7e59b9df91adb286480107" kind="property"><name>Local</name></member>
    <member refid="class_objetos_negocio_1_1_reuniao_1ac519306385cc4b79b72c8fc83125572b" kind="property"><name>Intervenientes</name></member>
    <member refid="class_objetos_negocio_1_1_reuniao_1adccf55363e116155c5815c53befaa6d8" kind="property"><name>Ata</name></member>
    <member refid="class_objetos_negocio_1_1_reuniao_1a08bbd839e0c4db247988faa6722948f8" kind="function"><name>Reuniao</name></member>
    <member refid="class_objetos_negocio_1_1_reuniao_1a7cb69b1f0fba1c24cf86da03506a9dae" kind="function"><name>Reuniao</name></member>
    <member refid="class_objetos_negocio_1_1_reuniao_1acf9f084ebe4338053e1e9f014d9d44d5" kind="function"><name>AgendarReuniao</name></member>
    <member refid="class_objetos_negocio_1_1_reuniao_1a209a8a22924a6d7e27cc184998c32a61" kind="function"><name>AdicionarInterveniente</name></member>
    <member refid="class_objetos_negocio_1_1_reuniao_1acd6ac65376816596bd5acb65c7fe26f9" kind="function"><name>RegistarAta</name></member>
  </compound>
  <compound refid="class_excecoes_1_1_reuniao_exception_1_1_reuniao_duplicada_exception" kind="class"><name>Excecoes::ReuniaoException::ReuniaoDuplicadaException</name>
    <member refid="class_excecoes_1_1_reuniao_exception_1_1_reuniao_duplicada_exception_1afbf43fa8dbced87a051215e2cb1a3665" kind="function"><name>ReuniaoDuplicadaException</name></member>
  </compound>
  <compound refid="class_excecoes_1_1_reuniao_exception" kind="class"><name>Excecoes::ReuniaoException</name>
    <member refid="class_excecoes_1_1_reuniao_exception_1ad928e339cb58614d42d6f0ef97542b47" kind="function"><name>ReuniaoException</name></member>
  </compound>
  <compound refid="class_regras_negocio_1_1_reuniao_regras" kind="class"><name>RegrasNegocio::ReuniaoRegras</name>
    <member refid="class_regras_negocio_1_1_reuniao_regras_1a69d90194ef776a6514b02ecdc24bf559" kind="function"><name>ValidarReuniao</name></member>
  </compound>
  <compound refid="class_dados_1_1_reunioes" kind="class"><name>Dados::Reunioes</name>
    <member refid="class_dados_1_1_reunioes_1a2b2c0edc8360f810abeadcbde5512ea2" kind="variable"><name>listaReunioes</name></member>
    <member refid="class_dados_1_1_reunioes_1ae4d7129e29c2c2d36ee154c597b46280" kind="function"><name>Reunioes</name></member>
    <member refid="class_dados_1_1_reunioes_1a9849bd2ed7ee5656ca4c4937da0b5085" kind="function"><name>AdicionarReuniao</name></member>
    <member refid="class_dados_1_1_reunioes_1a9277ad5f59485f637f6613def3c2e592" kind="function"><name>ObterReunioes</name></member>
    <member refid="class_dados_1_1_reunioes_1aff114de80c8f48c65d745c0eaba00f85" kind="function"><name>ObterReuniao</name></member>
    <member refid="class_dados_1_1_reunioes_1acd9a0aad52b48852d22a79536387c141" kind="function"><name>GravarReunioes</name></member>
    <member refid="class_dados_1_1_reunioes_1a904c927b94a9a6942672e77163b5c945" kind="function"><name>CarregarReunioes</name></member>
  </compound>
  <compound refid="class_excecoes_1_1_condominio_exception_1_1_reunioes_condominio_vazias_exception" kind="class"><name>Excecoes::CondominioException::ReunioesCondominioVaziasException</name>
    <member refid="class_excecoes_1_1_condominio_exception_1_1_reunioes_condominio_vazias_exception_1a55c04de1b802e89ae7f542ef395c73a6" kind="function"><name>ReunioesCondominioVaziasException</name></member>
  </compound>
  <compound refid="class_excecoes_1_1_despesa_exception_1_1_tipo_despesa_nulo_ou_vazio_exception" kind="class"><name>Excecoes::DespesaException::TipoDespesaNuloOuVazioException</name>
    <member refid="class_excecoes_1_1_despesa_exception_1_1_tipo_despesa_nulo_ou_vazio_exception_1a8c43722bb024f7d7be5ffe5854615825" kind="function"><name>TipoDespesaNuloOuVazioException</name></member>
  </compound>
  <compound refid="class_excecoes_1_1_documento_exception_1_1_tipo_documento_nulo_ou_vazio_exception" kind="class"><name>Excecoes::DocumentoException::TipoDocumentoNuloOuVazioException</name>
    <member refid="class_excecoes_1_1_documento_exception_1_1_tipo_documento_nulo_ou_vazio_exception_1a755a3376bb4b01b051b272c93d07304f" kind="function"><name>TipoDocumentoNuloOuVazioException</name></member>
  </compound>
  <compound refid="class_excecoes_1_1_despesa_exception_1_1_valor_despesa_invalido_exception" kind="class"><name>Excecoes::DespesaException::ValorDespesaInvalidoException</name>
    <member refid="class_excecoes_1_1_despesa_exception_1_1_valor_despesa_invalido_exception_1ab5e3c8fdaf4ac7d81ee90de2fb71cb2d" kind="function"><name>ValorDespesaInvalidoException</name></member>
  </compound>
  <compound refid="namespace_dados" kind="namespace"><name>Dados</name>
  </compound>
  <compound refid="namespace_excecoes" kind="namespace"><name>Excecoes</name>
  </compound>
  <compound refid="namespaceglobal_1_1_system" kind="namespace"><name>global::System</name>
  </compound>
  <compound refid="namespaceglobal_1_1_system_1_1_collections_1_1_generic" kind="namespace"><name>global::System::Collections::Generic</name>
  </compound>
  <compound refid="namespaceglobal_1_1_system_1_1_i_o" kind="namespace"><name>global::System::IO</name>
  </compound>
  <compound refid="namespaceglobal_1_1_system_1_1_linq" kind="namespace"><name>global::System::Linq</name>
  </compound>
  <compound refid="namespaceglobal_1_1_system_1_1_net_1_1_http" kind="namespace"><name>global::System::Net::Http</name>
  </compound>
  <compound refid="namespaceglobal_1_1_system_1_1_threading" kind="namespace"><name>global::System::Threading</name>
  </compound>
  <compound refid="namespaceglobal_1_1_system_1_1_threading_1_1_tasks" kind="namespace"><name>global::System::Threading::Tasks</name>
  </compound>
  <compound refid="namespace_interfaces" kind="namespace"><name>Interfaces</name>
  </compound>
  <compound refid="namespace_objetos_negocio" kind="namespace"><name>ObjetosNegocio</name>
  </compound>
  <compound refid="namespace_regras_negocio" kind="namespace"><name>RegrasNegocio</name>
  </compound>
  <compound refid="namespace_system" kind="namespace"><name>System</name>
  </compound>
  <compound refid="namespace_system_1_1_collections_1_1_generic" kind="namespace"><name>System::Collections::Generic</name>
  </compound>
  <compound refid="namespace_system_1_1_i_o" kind="namespace"><name>System::IO</name>
  </compound>
  <compound refid="namespace_system_1_1_linq" kind="namespace"><name>System::Linq</name>
  </compound>
  <compound refid="namespace_system_1_1_reflection" kind="namespace"><name>System::Reflection</name>
  </compound>
  <compound refid="namespace_system_1_1_runtime_1_1_compiler_services" kind="namespace"><name>System::Runtime::CompilerServices</name>
  </compound>
  <compound refid="namespace_system_1_1_runtime_1_1_constrained_execution" kind="namespace"><name>System::Runtime::ConstrainedExecution</name>
  </compound>
  <compound refid="namespace_system_1_1_runtime_1_1_interop_services" kind="namespace"><name>System::Runtime::InteropServices</name>
  </compound>
  <compound refid="namespace_system_1_1_runtime_1_1_serialization" kind="namespace"><name>System::Runtime::Serialization</name>
  </compound>
  <compound refid="namespace_system_1_1_text" kind="namespace"><name>System::Text</name>
  </compound>
  <compound refid="namespace_system_1_1_text_1_1_json" kind="namespace"><name>System::Text::Json</name>
  </compound>
  <compound refid="namespace_system_1_1_threading_1_1_tasks" kind="namespace"><name>System::Threading::Tasks</name>
  </compound>
  <compound refid="_condominios_8cs" kind="file"><name>Condominios.cs</name>
  </compound>
  <compound refid="_despesas_8cs" kind="file"><name>Despesas.cs</name>
  </compound>
  <compound refid="_documentos_8cs" kind="file"><name>Documentos.cs</name>
  </compound>
  <compound refid="_imoveis_8cs" kind="file"><name>Imoveis.cs</name>
  </compound>
  <compound refid="_dados_2obj_2_debug_2net8_80_2_8_n_e_t_core_app_00_version_0av8_80_8_assembly_attributes_8cs" kind="file"><name>.NETCoreApp,Version=v8.0.AssemblyAttributes.cs</name>
  </compound>
  <compound refid="_interfaces_2obj_2_debug_2net8_80_2_8_n_e_t_core_app_00_version_0av8_80_8_assembly_attributes_8cs" kind="file"><name>.NETCoreApp,Version=v8.0.AssemblyAttributes.cs</name>
  </compound>
  <compound refid="_objetos_negocio_2obj_2_debug_2net8_80_2_8_n_e_t_core_app_00_version_0av8_80_8_assembly_attributes_8cs" kind="file"><name>.NETCoreApp,Version=v8.0.AssemblyAttributes.cs</name>
  </compound>
  <compound refid="_regras_negocio_2obj_2_debug_2net8_80_2_8_n_e_t_core_app_00_version_0av8_80_8_assembly_attributes_8cs" kind="file"><name>.NETCoreApp,Version=v8.0.AssemblyAttributes.cs</name>
  </compound>
  <compound refid="_dados_8_assembly_info_8cs" kind="file"><name>Dados.AssemblyInfo.cs</name>
  </compound>
  <compound refid="_dados_8_global_usings_8g_8cs" kind="file"><name>Dados.GlobalUsings.g.cs</name>
  </compound>
  <compound refid="_proprietarios_8cs" kind="file"><name>Proprietarios.cs</name>
  </compound>
  <compound refid="_reunioes_8cs" kind="file"><name>Reunioes.cs</name>
  </compound>
  <compound refid="_excecoes_8cs" kind="file"><name>Excecoes.cs</name>
    <member refid="_excecoes_8cs_1a81a223a02c34d82b47199f08308847f2" kind="variable"><name>System</name></member>
  </compound>
  <compound refid="_excecoes_2obj_2_debug_2_8_n_e_t_framework_00_version_0av4_87_82_8_assembly_attributes_8cs" kind="file"><name>.NETFramework,Version=v4.7.2.AssemblyAttributes.cs</name>
  </compound>
  <compound refid="_t_p___g_condominios_2obj_2_debug_2_8_n_e_t_framework_00_version_0av4_87_82_8_assembly_attributes_8cs" kind="file"><name>.NETFramework,Version=v4.7.2.AssemblyAttributes.cs</name>
  </compound>
  <compound refid="_excecoes_2_properties_2_assembly_info_8cs" kind="file"><name>AssemblyInfo.cs</name>
  </compound>
  <compound refid="_t_p___g_condominios_2_properties_2_assembly_info_8cs" kind="file"><name>AssemblyInfo.cs</name>
  </compound>
  <compound refid="_interfaces_8cs" kind="file"><name>Interfaces.cs</name>
  </compound>
  <compound refid="_interfaces_8_assembly_info_8cs" kind="file"><name>Interfaces.AssemblyInfo.cs</name>
  </compound>
  <compound refid="_interfaces_8_global_usings_8g_8cs" kind="file"><name>Interfaces.GlobalUsings.g.cs</name>
  </compound>
  <compound refid="_condominio_8cs" kind="file"><name>Condominio.cs</name>
  </compound>
  <compound refid="_despesa_8cs" kind="file"><name>Despesa.cs</name>
  </compound>
  <compound refid="_documento_8cs" kind="file"><name>Documento.cs</name>
  </compound>
  <compound refid="_imovel_8cs" kind="file"><name>Imovel.cs</name>
  </compound>
  <compound refid="_objetos_negocio_8_assembly_info_8cs" kind="file"><name>ObjetosNegocio.AssemblyInfo.cs</name>
  </compound>
  <compound refid="_objetos_negocio_8_global_usings_8g_8cs" kind="file"><name>ObjetosNegocio.GlobalUsings.g.cs</name>
  </compound>
  <compound refid="_proprietario_8cs" kind="file"><name>Proprietario.cs</name>
  </compound>
  <compound refid="_reuniao_8cs" kind="file"><name>Reuniao.cs</name>
  </compound>
  <compound refid="_r_e_a_d_m_e_8md" kind="file"><name>README.md</name>
  </compound>
  <compound refid="_regras_negocio_8_assembly_info_8cs" kind="file"><name>RegrasNegocio.AssemblyInfo.cs</name>
  </compound>
  <compound refid="_regras_negocio_8_global_usings_8g_8cs" kind="file"><name>RegrasNegocio.GlobalUsings.g.cs</name>
  </compound>
  <compound refid="_regras_8cs" kind="file"><name>Regras.cs</name>
  </compound>
  <compound refid="_program_8cs" kind="file"><name>Program.cs</name>
  </compound>
  <compound refid="md__c_1_2_users_2plmrj_2_desktop_2_p_o_o___t1___c_x_c3_x_b3digo_2_t_p___g_condominios_2_r_e_a_d_m_e" kind="page"><name>md__c_1_2_users_2plmrj_2_desktop_2_p_o_o___t1___c_xC3_xB3digo_2_t_p___g_condominios_2_r_e_a_d_m_e</name>
  </compound>
  <compound refid="dir_863cf8a7754432f5c6381295389fc66f" kind="dir"><name>C:/Users/plmrj/Desktop/POO_T1_Código/TP_GCondominios/Dados</name>
  </compound>
  <compound refid="dir_03df54e8c46678b2be37adc1e0dd136b" kind="dir"><name>C:/Users/plmrj/Desktop/POO_T1_Código/TP_GCondominios/Dados/obj/Debug</name>
  </compound>
  <compound refid="dir_807334beb8e7e901fd75b488dce94dc2" kind="dir"><name>C:/Users/plmrj/Desktop/POO_T1_Código/TP_GCondominios/Excecoes/obj/Debug</name>
  </compound>
  <compound refid="dir_c3f8d196614098620aab1f9f671cfa60" kind="dir"><name>C:/Users/plmrj/Desktop/POO_T1_Código/TP_GCondominios/Interfaces/obj/Debug</name>
  </compound>
  <compound refid="dir_0e730e8d1725b2d47c8e718511e8c262" kind="dir"><name>C:/Users/plmrj/Desktop/POO_T1_Código/TP_GCondominios/ObjetosNegocio/obj/Debug</name>
  </compound>
  <compound refid="dir_7343d2022d149e42c02c5af43fb96497" kind="dir"><name>C:/Users/plmrj/Desktop/POO_T1_Código/TP_GCondominios/RegrasNegocio/obj/Debug</name>
  </compound>
  <compound refid="dir_0ab4df06d10314a0de19ffe2126ca411" kind="dir"><name>C:/Users/plmrj/Desktop/POO_T1_Código/TP_GCondominios/TP_GCondominios/obj/Debug</name>
  </compound>
  <compound refid="dir_dc243c50671ef4f205665136e08c9766" kind="dir"><name>C:/Users/plmrj/Desktop</name>
  </compound>
  <compound refid="dir_019bcb82956823f403a157affed6c543" kind="dir"><name>C:/Users/plmrj/Desktop/POO_T1_Código/TP_GCondominios/Excecoes</name>
  </compound>
  <compound refid="dir_3ef8005d54edd470561c245eb7ec0d10" kind="dir"><name>C:/Users/plmrj/Desktop/POO_T1_Código/TP_GCondominios/Interfaces</name>
  </compound>
  <compound refid="dir_31c8f8af2542d1b7fa94110b7b6d3253" kind="dir"><name>C:/Users/plmrj/Desktop/POO_T1_Código/TP_GCondominios/Dados/obj/Debug/net8.0</name>
  </compound>
  <compound refid="dir_3500b403f7a876055432a35c89d75a42" kind="dir"><name>C:/Users/plmrj/Desktop/POO_T1_Código/TP_GCondominios/Interfaces/obj/Debug/net8.0</name>
  </compound>
  <compound refid="dir_bb197f53fd5a9685e47b1c2553c0d739" kind="dir"><name>C:/Users/plmrj/Desktop/POO_T1_Código/TP_GCondominios/ObjetosNegocio/obj/Debug/net8.0</name>
  </compound>
  <compound refid="dir_b24998dea8185343ebdd34cb2cb22c96" kind="dir"><name>C:/Users/plmrj/Desktop/POO_T1_Código/TP_GCondominios/RegrasNegocio/obj/Debug/net8.0</name>
  </compound>
  <compound refid="dir_a16b36364c70249096e9fc48039ca881" kind="dir"><name>C:/Users/plmrj/Desktop/POO_T1_Código/TP_GCondominios/Dados/obj</name>
  </compound>
  <compound refid="dir_017d3ac509159834b81bbadff73d7bba" kind="dir"><name>C:/Users/plmrj/Desktop/POO_T1_Código/TP_GCondominios/Excecoes/obj</name>
  </compound>
  <compound refid="dir_f49ba847f9260565008c8b6517cda60e" kind="dir"><name>C:/Users/plmrj/Desktop/POO_T1_Código/TP_GCondominios/Interfaces/obj</name>
  </compound>
  <compound refid="dir_452efbd18e0fe817682062a67420b6f2" kind="dir"><name>C:/Users/plmrj/Desktop/POO_T1_Código/TP_GCondominios/ObjetosNegocio/obj</name>
  </compound>
  <compound refid="dir_e36c8ef43a38bd451d157d04fab4a0c4" kind="dir"><name>C:/Users/plmrj/Desktop/POO_T1_Código/TP_GCondominios/RegrasNegocio/obj</name>
  </compound>
  <compound refid="dir_bd80b35023eb1f8517e51e1e97bf1d53" kind="dir"><name>C:/Users/plmrj/Desktop/POO_T1_Código/TP_GCondominios/TP_GCondominios/obj</name>
  </compound>
  <compound refid="dir_884f7b534517c47d31917c3f558addc9" kind="dir"><name>C:/Users/plmrj/Desktop/POO_T1_Código/TP_GCondominios/ObjetosNegocio</name>
  </compound>
  <compound refid="dir_590d1d3bec3ce9e5579002320fbb977c" kind="dir"><name>C:/Users/plmrj</name>
  </compound>
  <compound refid="dir_7c2e0486554cbcbdcbd69a85c4631c2b" kind="dir"><name>C:/Users/plmrj/Desktop/POO_T1_Código</name>
  </compound>
  <compound refid="dir_3747a065af505509c49b867e63d9f27a" kind="dir"><name>C:/Users/plmrj/Desktop/POO_T1_Código/TP_GCondominios/Excecoes/Properties</name>
  </compound>
  <compound refid="dir_03617f8168424b07b9f0e26e356c3e83" kind="dir"><name>C:/Users/plmrj/Desktop/POO_T1_Código/TP_GCondominios/TP_GCondominios/Properties</name>
  </compound>
  <compound refid="dir_1e36dc6d1a649eae2964c75c7f8267d3" kind="dir"><name>C:/Users/plmrj/Desktop/POO_T1_Código/TP_GCondominios/RegrasNegocio</name>
  </compound>
  <compound refid="dir_a3d567089aab30641c87d7df1bfe9dae" kind="dir"><name>C:/Users/plmrj/Desktop/POO_T1_Código/TP_GCondominios</name>
  </compound>
  <compound refid="dir_7f8f1cd73675e8dfa98d785253f6deb1" kind="dir"><name>C:/Users/plmrj/Desktop/POO_T1_Código/TP_GCondominios/TP_GCondominios</name>
  </compound>
  <compound refid="dir_d522931ffa1371640980b621734a4381" kind="dir"><name>C:/Users</name>
  </compound>
</doxygenindex>
