<?xml version='1.0' encoding='UTF-8' standalone='no'?>
<doxygen xmlns:xsi="http://www.w3.org/2001/XMLSchema-instance" xsi:noNamespaceSchemaLocation="compound.xsd" version="1.9.8" xml:lang="en-US">
  <compounddef id="namespaceglobal_1_1_system_1_1_i_o" kind="namespace" language="C#">
    <compoundname>global::System::IO</compoundname>
    <briefdescription>
    </briefdescription>
    <detaileddescription>
    </detaileddescription>
    <location file="C:/Users/plmrj/Desktop/POO_T1_Código/TP_GCondominios/Dados/obj/Debug/net8.0/Dados.GlobalUsings.g.cs" line="4" column="31"/>
  </compounddef>
</doxygen>
