<?xml version='1.0' encoding='UTF-8' standalone='no'?>
<doxygen xmlns:xsi="http://www.w3.org/2001/XMLSchema-instance" xsi:noNamespaceSchemaLocation="compound.xsd" version="1.9.8" xml:lang="en-US">
  <compounddef id="namespace_system_1_1_runtime_1_1_compiler_services" kind="namespace" language="C#">
    <compoundname>System::Runtime::CompilerServices</compoundname>
    <briefdescription>
    </briefdescription>
    <detaileddescription>
    </detaileddescription>
    <location file="C:/Users/plmrj/Desktop/POO_T1_Código/TP_GCondominios/Excecoes/Properties/AssemblyInfo.cs" line="2" column="38"/>
  </compounddef>
</doxygen>
